sample_id,overall_qc,speccheck_qc,qualibact_qc,historical_qualibact_qc,reason_summary,species,species_confidence,n50,contigs,genome_size,gc_percent,completeness,contamination,depth,top_species,top_abundance_percent,threshold_source,report_schema_version,Speciator.qc_status,Speciator.confidence,Speciator.confidence.status,Speciator.speciesName,Speciator.speciesName.status,Speciator.genusName.status,Depth.qc_status,Depth.Depth,Depth.Read_type,Sylph.qc_status,Sylph.genomes,Sylph.number_of_genomes,Sylph.number_of_genomes.status,Sylph.species_name,Sylph.species_name.status,Sylph.taxonomic_abundances,Sylph.top_adjusted_ani,Sylph.top_species,Sylph.top_taxonomic_abundance,Sylph.sequence_abundances.status,Quast.qc_status,Quast.# contigs (>= 0 bp),Quast.# contigs (>= 0 bp).status,Quast.GC (%),Quast.GC (%).status,Quast.Largest contig,Quast.N50,Quast.N50.status,Quast.Total length (>= 0 bp),Quast.Total length (>= 0 bp).status,Quast.Ns per 100 kbp.status,Checkm.qc_status,Checkm.Completeness,Checkm.Completeness.status,Checkm.Contamination,Checkm.Contamination.status,Checkm.Contig_N50,Checkm.Contig_N50.status,Checkm.GC_Content,Checkm.GC_Content.status,Checkm.Genome_Size,Checkm.Genome_Size.status,Checkm.Total_Coding_Sequences,Checkm.Total_Contigs,Checkm.Total_Contigs.status,qualibact_compat_metrics_evaluated,qualibact_compat_metrics_missing,qualibact_compat_reasons,qualibact_compat_source,qualibact_N50,qualibact_completeness_specific,qualibact_contamination,qualibact_contigs,qualibact_gc_content,qualibact_genome_size,qualibact_reasons,qualibact_species_sylph,speccheck_assembly_type,speccheck_criteria_file,speccheck_criteria_sha256,speccheck_fail_on_not_evaluated,speccheck_input_file_count,speccheck_not_evaluated_count,speccheck_threshold_fallback_used,speccheck_threshold_scheme,speccheck_version
SAMD00000699,PASS,PASS,PASS,PASS,none,Escherichia coli,good,42440,311,4991825,50.6,100.0,0.17,224.42,Escherichia coli,100.0,QualiBact Escherichia coli qualibact-v1.0,1.0,PASS,good,PASS,Escherichia coli,PASS,PASS,PASS,224.42,short,PASS,GCF_003697165.2,1,PASS,Escherichia coli,PASS,100.0,97.29,Escherichia coli,100.0,PASS,PASS,311,PASS,50.6,PASS,180404,42440,PASS,4991825,PASS,PASS,PASS,100.0,PASS,0.17,PASS,42440,PASS,51.0,PASS,4991825,PASS,5017,311,PASS,8,0,none,Pinned QualiBact scheme for Escherichia coli,44485.0,100.0,0.19,379.0,50.6039,5024028.0,none,Escherichia coli,short,/gpfs3/well/aanensen/users/rva470/speccheck/speccheck/config/criteria.csv,94ca578103ce4fcd06e80c89e7d76ef7f29a6df0799aacfa92c0acd625506607,NO,5,0,NO,qualibact-v1.0,1.3.0
SAMD00000724,PASS,PASS,PASS,PASS,none,Escherichia coli,good,85526,134,4923986,50.65,100.0,0.13,555.44,Escherichia coli,100.0,QualiBact Escherichia coli qualibact-v1.0,1.0,PASS,good,PASS,Escherichia coli,PASS,PASS,PASS,555.44,short,PASS,GCF_003697165.2,1,PASS,Escherichia coli,PASS,100.0,97.55,Escherichia coli,100.0,PASS,PASS,134,PASS,50.65,PASS,270300,85526,PASS,4923986,PASS,PASS,PASS,100.0,PASS,0.13,PASS,85526,PASS,51.0,PASS,4923986,PASS,4632,134,PASS,8,0,none,Pinned QualiBact scheme for Escherichia coli,94105.0,100.0,0.13,202.0,50.6577,4932412.0,none,Escherichia coli,short,/gpfs3/well/aanensen/users/rva470/speccheck/speccheck/config/criteria.csv,94ca578103ce4fcd06e80c89e7d76ef7f29a6df0799aacfa92c0acd625506607,NO,5,0,NO,qualibact-v1.0,1.3.0
SAMD00003398,PASS,PASS,PASS,PASS,none,Escherichia coli,good,55862,345,5341424,50.25,100.0,0.41,141.27,Escherichia coli,100.0,QualiBact Escherichia coli qualibact-v1.0,1.0,PASS,good,PASS,Escherichia coli,PASS,PASS,PASS,141.27,short,PASS,GCF_003697165.2,1,PASS,Escherichia coli,PASS,100.0,97.34,Escherichia coli,100.0,PASS,PASS,345,PASS,50.25,PASS,224061,55862,PASS,5341424,PASS,PASS,PASS,100.0,PASS,0.41,PASS,55862,PASS,50.0,PASS,5341424,PASS,5469,345,PASS,8,0,none,Pinned QualiBact scheme for Escherichia coli,51934.0,100.0,0.45,561.0,50.2768,5396831.0,none,Escherichia coli,short,/gpfs3/well/aanensen/users/rva470/speccheck/speccheck/config/criteria.csv,94ca578103ce4fcd06e80c89e7d76ef7f29a6df0799aacfa92c0acd625506607,NO,5,0,NO,qualibact-v1.0,1.3.0
SAMD00008661,PASS,PASS,PASS,PASS,none,Escherichia coli,good,28634,392,4707333,50.77,100.0,0.35,203.81,Escherichia coli,100.0,QualiBact Escherichia coli qualibact-v1.0,1.0,PASS,good,PASS,Escherichia coli,PASS,PASS,PASS,203.81,short,PASS,GCF_003697165.2,1,PASS,Escherichia coli,PASS,100.0,97.16,Escherichia coli,100.0,PASS,PASS,392,PASS,50.77,PASS,93470,28634,PASS,4707333,PASS,PASS,PASS,100.0,PASS,0.35,PASS,28634,PASS,51.0,PASS,4707333,PASS,4706,392,PASS,8,0,none,Pinned QualiBact scheme for Escherichia coli,28382.0,100.0,0.45,502.0,50.7625,4742258.0,none,Escherichia coli,short,/gpfs3/well/aanensen/users/rva470/speccheck/speccheck/config/criteria.csv,94ca578103ce4fcd06e80c89e7d76ef7f29a6df0799aacfa92c0acd625506607,NO,5,0,NO,qualibact-v1.0,1.3.0
SAMD00019005,FAIL,FAIL,NOT_EVALUATED,FAIL,Checkm.Completeness; Checkm.Contig_N50; Checkm.GC_Content; Checkm.Genome_Size; Quast.GC (%); Quast.N50; Quast.Total length (>= 0 bp); Speciator.confidence; Speciator.genusName; Speciator.speciesName,Unidentified,,5377,1,5377,56.82,6.3,0.0,15391.42,Escherichia coli,100.0,QualiBact Escherichia coli qualibact-v1.0,1.0,FAIL,,FAIL,Unidentified,FAIL,FAIL,PASS,15391.42,short,PASS,GCF_003697165.2,1,PASS,Escherichia coli,PASS,100.0,97.06,Escherichia coli,100.0,PASS,FAIL,1,PASS,56.82,FAIL,5377,5377,FAIL,5377,FAIL,PASS,FAIL,6.3,FAIL,0.0,PASS,5377,FAIL,56.99999999999999,FAIL,5377,FAIL,3,1,PASS,0,0,No pinned QualiBact scheme for species,not available,9818.0,99.94,1.1,679.0,51.1176,4323810.0,no_of_contigs >670.0; Genome_Size <4400000.0; GC_Content >50.88; N50 <20000.0; Completeness <100.0,Escherichia coli,short,/gpfs3/well/aanensen/users/rva470/speccheck/speccheck/config/criteria.csv,94ca578103ce4fcd06e80c89e7d76ef7f29a6df0799aacfa92c0acd625506607,NO,5,0,NO,qualibact-v1.0,1.3.0
SAMD00019007,FAIL,FAIL,NOT_EVALUATED,FAIL,Checkm.Completeness; Checkm.Contig_N50; Checkm.Genome_Size; Quast.N50; Quast.Total length (>= 0 bp); Speciator.confidence; Speciator.genusName; Speciator.speciesName,Unidentified,,2909,11,22526,51.43,4.75,0.02,4880.42,Escherichia coli,100.0,QualiBact Escherichia coli qualibact-v1.0,1.0,FAIL,,FAIL,Unidentified,FAIL,FAIL,PASS,4880.42,short,PASS,GCF_003697165.2,1,PASS,Escherichia coli,PASS,100.0,97.14,Escherichia coli,100.0,PASS,FAIL,11,PASS,51.43,PASS,5730,2909,FAIL,22526,FAIL,PASS,FAIL,4.75,FAIL,0.02,PASS,2909,FAIL,51.0,PASS,22526,FAIL,27,11,PASS,0,0,No pinned QualiBact scheme for species,not available,19828.0,99.99,0.01,1690.0,51.6102,4736742.0,no_of_contigs >670.0; GC_Content >51.13; N50 <20000.0; Completeness <100.0,Escherichia coli,short,/gpfs3/well/aanensen/users/rva470/speccheck/speccheck/config/criteria.csv,94ca578103ce4fcd06e80c89e7d76ef7f29a6df0799aacfa92c0acd625506607,NO,5,0,NO,qualibact-v1.0,1.3.0
SAMD00019012,FAIL,FAIL,NOT_EVALUATED,FAIL,Checkm.Completeness; Checkm.Contig_N50; Checkm.Genome_Size; Quast.N50; Quast.Total length (>= 0 bp); Speciator.confidence; Speciator.genusName; Speciator.speciesName,Unidentified,,1571,164,236815,50.46,7.21,0.04,440.54,Escherichia coli,100.0,QualiBact Escherichia coli qualibact-v1.0,1.0,FAIL,,FAIL,Unidentified,FAIL,FAIL,PASS,440.54,short,PASS,GCF_003697165.2,1,PASS,Escherichia coli,PASS,100.0,97.17,Escherichia coli,100.0,PASS,FAIL,164,PASS,50.46,PASS,7387,1571,FAIL,236815,FAIL,PASS,FAIL,7.21,FAIL,0.04,PASS,1571,FAIL,50.0,PASS,236815,FAIL,344,164,PASS,0,0,No pinned QualiBact scheme for species,not available,28751.0,100.0,0.62,1562.0,51.5922,4764867.0,no_of_contigs >670.0; GC_Content >51.13,Escherichia coli,short,/gpfs3/well/aanensen/users/rva470/speccheck/speccheck/config/criteria.csv,94ca578103ce4fcd06e80c89e7d76ef7f29a6df0799aacfa92c0acd625506607,NO,5,0,NO,qualibact-v1.0,1.3.0
SAMD00062394,FAIL,FAIL,FAIL,FAIL,GC_Content <50.09; Genome_Size >5700000.0,Escherichia coli,good,112151,213,5865761,50.06,100.0,1.17,25.89,Escherichia coli,100.0,QualiBact Escherichia coli qualibact-v1.0,1.0,PASS,good,PASS,Escherichia coli,PASS,PASS,PASS,25.89,short,PASS,GCF_003697165.2,1,PASS,Escherichia coli,PASS,100.0,97.53,Escherichia coli,100.0,PASS,PASS,213,PASS,50.06,PASS,342667,112151,PASS,5865761,PASS,PASS,PASS,100.0,PASS,1.17,PASS,112151,PASS,50.0,PASS,5865761,PASS,5776,213,PASS,8,0,GC_Content <50.09; Genome_Size >5700000.0,Pinned QualiBact scheme for Escherichia coli,134229.0,100.0,1.16,270.0,50.0621,5909818.0,Total_Coding_Sequences >5800.0; Genome_Size >5700000.0; GC_Content <50.09,Escherichia coli,short,/gpfs3/well/aanensen/users/rva470/speccheck/speccheck/config/criteria.csv,94ca578103ce4fcd06e80c89e7d76ef7f29a6df0799aacfa92c0acd625506607,NO,5,0,NO,qualibact-v1.0,1.3.0
SAMD00071305,FAIL,FAIL,FAIL,FAIL,GC_Content >51.13; Total_Coding_Sequences <4200.0,Escherichia coli,good,23419,353,4406998,51.23,100.0,0.01,37.19,Escherichia coli,100.0,QualiBact Escherichia coli qualibact-v1.0,1.0,PASS,good,PASS,Escherichia coli,PASS,PASS,PASS,37.19,short,PASS,GCF_003697165.2,1,PASS,Escherichia coli,PASS,100.0,97.25,Escherichia coli,100.0,PASS,PASS,353,PASS,51.23,PASS,82498,23419,PASS,4406998,PASS,PASS,PASS,100.0,PASS,0.01,PASS,23419,PASS,51.0,PASS,4406998,PASS,4174,353,PASS,8,0,GC_Content >51.13; Total_Coding_Sequences <4200.0,Pinned QualiBact scheme for Escherichia coli,31006.0,100.0,0.15,327.0,51.1325,4454198.0,Total_Coding_Sequences <4200.0; GC_Content >51.13,Escherichia coli,short,/gpfs3/well/aanensen/users/rva470/speccheck/speccheck/config/criteria.csv,94ca578103ce4fcd06e80c89e7d76ef7f29a6df0799aacfa92c0acd625506607,NO,5,0,NO,qualibact-v1.0,1.3.0
SAMN42689957,FAIL,FAIL,FAIL,FAIL,N50 <20000.0; no_of_contigs >670.0; Contamination >2.0,Escherichia coli,good,9019,1033,5177536,50.35,100.0,3.12,46.28,Escherichia coli,100.0,QualiBact Escherichia coli qualibact-v1.0,1.0,PASS,good,PASS,Escherichia coli,PASS,PASS,PASS,46.28,short,PASS,GCF_003697165.2,1,PASS,Escherichia coli,PASS,100.0,97.38,Escherichia coli,100.0,PASS,FAIL,1033,FAIL,50.35,PASS,45155,9019,FAIL,5177536,PASS,PASS,FAIL,100.0,PASS,3.12,PASS,9019,FAIL,50.0,PASS,5177536,PASS,5642,1033,FAIL,8,0,N50 <20000.0; no_of_contigs >670.0; Contamination >2.0,Pinned QualiBact scheme for Escherichia coli,49669.0,100.0,0.32,706.0,50.3804,5313156.0,no_of_contigs >670.0,Escherichia coli,short,/gpfs3/well/aanensen/users/rva470/speccheck/speccheck/config/criteria.csv,94ca578103ce4fcd06e80c89e7d76ef7f29a6df0799aacfa92c0acd625506607,NO,5,0,NO,qualibact-v1.0,1.3.0
SAMN42720371,WARN,PASS,WARN,FAIL,Completeness_Specific <100.0,Escherichia coli,good,26247,546,4825099,50.58,99.98,0.41,23.45,Escherichia coli,100.0,QualiBact Escherichia coli qualibact-v1.0,1.0,PASS,good,PASS,Escherichia coli,PASS,PASS,PASS,23.45,short,PASS,GCF_003697165.2,1,PASS,Escherichia coli,PASS,100.0,97.16,Escherichia coli,100.0,PASS,PASS,546,PASS,50.58,PASS,137210,26247,PASS,4825099,PASS,PASS,PASS,99.98,PASS,0.41,PASS,26247,PASS,51.0,PASS,4825099,PASS,4901,546,PASS,8,0,Completeness_Specific <100.0,Pinned QualiBact scheme for Escherichia coli,17054.0,99.98,1.54,765.0,50.5829,4863879.0,no_of_contigs >670.0; N50 <20000.0; Completeness <100.0,Escherichia coli,short,/gpfs3/well/aanensen/users/rva470/speccheck/speccheck/config/criteria.csv,94ca578103ce4fcd06e80c89e7d76ef7f29a6df0799aacfa92c0acd625506607,NO,5,0,NO,qualibact-v1.0,1.3.0
SAMN42744342,FAIL,FAIL,FAIL,FAIL,GC_Content <50.09; Contamination >2.0; Genome_Size >5700000.0; Total_Coding_Sequences >5800.0,Escherichia coli,good,57220,550,6288281,49.98,100.0,7.76,236.87,Escherichia coli,100.0,QualiBact Escherichia coli qualibact-v1.0,1.0,PASS,good,PASS,Escherichia coli,PASS,PASS,PASS,236.87,short,PASS,GCF_003697165.2,1,PASS,Escherichia coli,PASS,100.0,99.19,Escherichia coli,100.0,PASS,FAIL,550,PASS,49.98,FAIL,249385,57220,PASS,6288281,PASS,PASS,FAIL,100.0,PASS,7.76,PASS,57220,PASS,50.0,PASS,6288281,FAIL,6370,550,PASS,8,0,GC_Content <50.09; Contamination >2.0; Genome_Size >5700000.0; Total_Coding_Sequences >5800.0,Pinned QualiBact scheme for Escherichia coli,60447.0,100.0,8.44,646.0,49.9627,6266653.0,no_of_contigs >600.0; Total_Coding_Sequences >5800.0; Genome_Size >5700000.0; GC_Content <50.09; Contamination >2.0,Escherichia coli,short,/gpfs3/well/aanensen/users/rva470/speccheck/speccheck/config/criteria.csv,94ca578103ce4fcd06e80c89e7d76ef7f29a6df0799aacfa92c0acd625506607,NO,5,0,NO,qualibact-v1.0,1.3.0
SAMN42744370,PASS,PASS,PASS,PASS,none,Escherichia coli,good,252309,50,4772358,50.8,100.0,0.1,96.8,Escherichia coli,100.0,QualiBact Escherichia coli qualibact-v1.0,1.0,PASS,good,PASS,Escherichia coli,PASS,PASS,PASS,96.8,short,PASS,GCF_003697165.2,1,PASS,Escherichia coli,PASS,100.0,97.26,Escherichia coli,100.0,PASS,PASS,50,PASS,50.8,PASS,611727,252309,PASS,4772358,PASS,PASS,PASS,100.0,PASS,0.1,PASS,252309,PASS,51.0,PASS,4772358,PASS,4462,50,PASS,8,0,none,Pinned QualiBact scheme for Escherichia coli,235154.0,100.0,0.1,85.0,50.8055,4782832.0,none,Escherichia coli,short,/gpfs3/well/aanensen/users/rva470/speccheck/speccheck/config/criteria.csv,94ca578103ce4fcd06e80c89e7d76ef7f29a6df0799aacfa92c0acd625506607,NO,5,0,NO,qualibact-v1.0,1.3.0
SAMN42744371,PASS,PASS,PASS,PASS,none,Escherichia coli,good,154495,69,4758085,50.61,100.0,0.12,77.04,Escherichia coli,100.0,QualiBact Escherichia coli qualibact-v1.0,1.0,PASS,good,PASS,Escherichia coli,PASS,PASS,PASS,77.04,short,PASS,GCF_003697165.2,1,PASS,Escherichia coli,PASS,100.0,97.29,Escherichia coli,100.0,PASS,PASS,69,PASS,50.61,PASS,347987,154495,PASS,4758085,PASS,PASS,PASS,100.0,PASS,0.12,PASS,154495,PASS,51.0,PASS,4758085,PASS,4495,69,PASS,8,0,none,Pinned QualiBact scheme for Escherichia coli,139291.0,100.0,0.12,110.0,50.6164,4770598.0,none,Escherichia coli,short,/gpfs3/well/aanensen/users/rva470/speccheck/speccheck/config/criteria.csv,94ca578103ce4fcd06e80c89e7d76ef7f29a6df0799aacfa92c0acd625506607,NO,5,0,NO,qualibact-v1.0,1.3.0
SAMN42744372,PASS,PASS,PASS,PASS,none,Escherichia coli,good,189971,64,4760273,50.61,100.0,0.12,97.9,Escherichia coli,100.0,QualiBact Escherichia coli qualibact-v1.0,1.0,PASS,good,PASS,Escherichia coli,PASS,PASS,PASS,97.9,short,PASS,GCF_003697165.2,1,PASS,Escherichia coli,PASS,100.0,97.29,Escherichia coli,100.0,PASS,PASS,64,PASS,50.61,PASS,496653,189971,PASS,4760273,PASS,PASS,PASS,100.0,PASS,0.12,PASS,189971,PASS,51.0,PASS,4760273,PASS,4502,64,PASS,8,0,none,Pinned QualiBact scheme for Escherichia coli,181024.0,100.0,0.12,102.0,50.6175,4772475.0,none,Escherichia coli,short,/gpfs3/well/aanensen/users/rva470/speccheck/speccheck/config/criteria.csv,94ca578103ce4fcd06e80c89e7d76ef7f29a6df0799aacfa92c0acd625506607,NO,5,0,NO,qualibact-v1.0,1.3.0
SAMN42744374,PASS,PASS,PASS,PASS,none,Escherichia coli,good,242527,86,5335222,50.67,100.0,0.45,101.94,Escherichia coli,100.0,QualiBact Escherichia coli qualibact-v1.0,1.0,PASS,good,PASS,Escherichia coli,PASS,PASS,PASS,101.94,short,PASS,GCF_003697165.2,1,PASS,Escherichia coli,PASS,100.0,97.52,Escherichia coli,100.0,PASS,PASS,86,PASS,50.67,PASS,760682,242527,PASS,5335222,PASS,PASS,PASS,100.0,PASS,0.45,PASS,242527,PASS,51.0,PASS,5335222,PASS,5040,86,PASS,8,0,none,Pinned QualiBact scheme for Escherichia coli,242527.0,100.0,0.43,131.0,50.6761,5351449.0,none,Escherichia coli,short,/gpfs3/well/aanensen/users/rva470/speccheck/speccheck/config/criteria.csv,94ca578103ce4fcd06e80c89e7d76ef7f29a6df0799aacfa92c0acd625506607,NO,5,0,NO,qualibact-v1.0,1.3.0
SAMN42744375,PASS,PASS,PASS,PASS,none,Escherichia coli,good,242527,93,5343219,50.68,100.0,0.45,110.02,Escherichia coli,100.0,QualiBact Escherichia coli qualibact-v1.0,1.0,PASS,good,PASS,Escherichia coli,PASS,PASS,PASS,110.02,short,PASS,GCF_003697165.2,1,PASS,Escherichia coli,PASS,100.0,97.51,Escherichia coli,100.0,PASS,PASS,93,PASS,50.68,PASS,440585,242527,PASS,5343219,PASS,PASS,PASS,100.0,PASS,0.45,PASS,242527,PASS,51.0,PASS,5343219,PASS,5051,93,PASS,8,0,none,Pinned QualiBact scheme for Escherichia coli,242527.0,100.0,0.43,130.0,50.6816,5355393.0,none,Escherichia coli,short,/gpfs3/well/aanensen/users/rva470/speccheck/speccheck/config/criteria.csv,94ca578103ce4fcd06e80c89e7d76ef7f29a6df0799aacfa92c0acd625506607,NO,5,0,NO,qualibact-v1.0,1.3.0
SAMN42744376,PASS,PASS,PASS,WARN,none,Escherichia coli,good,183671,75,4901876,50.88,100.0,0.08,82.01,Escherichia coli,100.0,QualiBact Escherichia coli qualibact-v1.0,1.0,PASS,good,PASS,Escherichia coli,PASS,PASS,PASS,82.01,short,PASS,GCF_003697165.2,1,PASS,Escherichia coli,PASS,100.0,97.56,Escherichia coli,100.0,PASS,PASS,75,PASS,50.88,PASS,623343,183671,PASS,4901876,PASS,PASS,PASS,100.0,PASS,0.08,PASS,183671,PASS,51.0,PASS,4901876,PASS,4602,75,PASS,8,0,none,Pinned QualiBact scheme for Escherichia coli,143834.0,100.0,0.08,143.0,50.8847,4918804.0,GC_Content >50.88,Escherichia coli,short,/gpfs3/well/aanensen/users/rva470/speccheck/speccheck/config/criteria.csv,94ca578103ce4fcd06e80c89e7d76ef7f29a6df0799aacfa92c0acd625506607,NO,5,0,NO,qualibact-v1.0,1.3.0
SAMN42744378,PASS,PASS,PASS,PASS,none,Escherichia coli,good,205135,86,5132086,50.71,100.0,0.2,109.76,Escherichia coli,100.0,QualiBact Escherichia coli qualibact-v1.0,1.0,PASS,good,PASS,Escherichia coli,PASS,PASS,PASS,109.76,short,PASS,GCF_003697165.2,1,PASS,Escherichia coli,PASS,100.0,97.3,Escherichia coli,100.0,PASS,PASS,86,PASS,50.71,PASS,378879,205135,PASS,5132086,PASS,PASS,PASS,100.0,PASS,0.2,PASS,205135,PASS,51.0,PASS,5132086,PASS,4928,86,PASS,8,0,none,Pinned QualiBact scheme for Escherichia coli,205135.0,100.0,0.18,152.0,50.7101,5150646.0,none,Escherichia coli,short,/gpfs3/well/aanensen/users/rva470/speccheck/speccheck/config/criteria.csv,94ca578103ce4fcd06e80c89e7d76ef7f29a6df0799aacfa92c0acd625506607,NO,5,0,NO,qualibact-v1.0,1.3.0
SAMN42744379,PASS,PASS,PASS,PASS,none,Escherichia coli,good,162210,90,5130399,50.71,100.0,0.2,84.49,Escherichia coli,100.0,QualiBact Escherichia coli qualibact-v1.0,1.0,PASS,good,PASS,Escherichia coli,PASS,PASS,PASS,84.49,short,PASS,GCF_003697165.2,1,PASS,Escherichia coli,PASS,100.0,97.31,Escherichia coli,100.0,PASS,PASS,90,PASS,50.71,PASS,361372,162210,PASS,5130399,PASS,PASS,PASS,100.0,PASS,0.2,PASS,162210,PASS,51.0,PASS,5130399,PASS,4930,90,PASS,8,0,none,Pinned QualiBact scheme for Escherichia coli,190394.0,100.0,0.19,149.0,50.7078,5148425.0,none,Escherichia coli,short,/gpfs3/well/aanensen/users/rva470/speccheck/speccheck/config/criteria.csv,94ca578103ce4fcd06e80c89e7d76ef7f29a6df0799aacfa92c0acd625506607,NO,5,0,NO,qualibact-v1.0,1.3.0
SAMN42744380,PASS,PASS,PASS,PASS,none,Escherichia coli,good,205135,86,5131884,50.71,100.0,0.2,82.72,Escherichia coli,100.0,QualiBact Escherichia coli qualibact-v1.0,1.0,PASS,good,PASS,Escherichia coli,PASS,PASS,PASS,82.72,short,PASS,GCF_003697165.2,1,PASS,Escherichia coli,PASS,100.0,97.31,Escherichia coli,100.0,PASS,PASS,86,PASS,50.71,PASS,360786,205135,PASS,5131884,PASS,PASS,PASS,100.0,PASS,0.2,PASS,205135,PASS,51.0,PASS,5131884,PASS,4927,86,PASS,8,0,none,Pinned QualiBact scheme for Escherichia coli,205135.0,100.0,0.18,141.0,50.7077,5148364.0,none,Escherichia coli,short,/gpfs3/well/aanensen/users/rva470/speccheck/speccheck/config/criteria.csv,94ca578103ce4fcd06e80c89e7d76ef7f29a6df0799aacfa92c0acd625506607,NO,5,0,NO,qualibact-v1.0,1.3.0
SAMN42744381,PASS,PASS,PASS,PASS,none,Escherichia coli,good,190393,88,5131326,50.72,100.0,0.2,64.03,Escherichia coli,100.0,QualiBact Escherichia coli qualibact-v1.0,1.0,PASS,good,PASS,Escherichia coli,PASS,PASS,PASS,64.03,short,PASS,GCF_003697165.2,1,PASS,Escherichia coli,PASS,100.0,97.31,Escherichia coli,100.0,PASS,PASS,88,PASS,50.72,PASS,360786,190393,PASS,5131326,PASS,PASS,PASS,100.0,PASS,0.2,PASS,190393,PASS,51.0,PASS,5131326,PASS,4925,88,PASS,8,0,none,Pinned QualiBact scheme for Escherichia coli,205135.0,100.0,0.18,151.0,50.7091,5151628.0,none,Escherichia coli,short,/gpfs3/well/aanensen/users/rva470/speccheck/speccheck/config/criteria.csv,94ca578103ce4fcd06e80c89e7d76ef7f29a6df0799aacfa92c0acd625506607,NO,5,0,NO,qualibact-v1.0,1.3.0
SAMN42744382,PASS,PASS,PASS,PASS,none,Escherichia coli,good,205135,87,5186789,50.68,100.0,0.18,114.9,Escherichia coli,100.0,QualiBact Escherichia coli qualibact-v1.0,1.0,PASS,good,PASS,Escherichia coli,PASS,PASS,PASS,114.9,short,PASS,GCF_003697165.2,1,PASS,Escherichia coli,PASS,100.0,97.33,Escherichia coli,100.0,PASS,PASS,87,PASS,50.68,PASS,360786,205135,PASS,5186789,PASS,PASS,PASS,100.0,PASS,0.18,PASS,205135,PASS,51.0,PASS,5186789,PASS,4985,87,PASS,8,0,none,Pinned QualiBact scheme for Escherichia coli,205135.0,100.0,0.16,144.0,50.679,5204115.0,none,Escherichia coli,short,/gpfs3/well/aanensen/users/rva470/speccheck/speccheck/config/criteria.csv,94ca578103ce4fcd06e80c89e7d76ef7f29a6df0799aacfa92c0acd625506607,NO,5,0,NO,qualibact-v1.0,1.3.0
SAMN42744383,PASS,PASS,PASS,WARN,none,Escherichia coli,good,201289,69,4901367,50.88,100.0,0.08,77.7,Escherichia coli,100.0,QualiBact Escherichia coli qualibact-v1.0,1.0,PASS,good,PASS,Escherichia coli,PASS,PASS,PASS,77.7,short,PASS,GCF_003697165.2,1,PASS,Escherichia coli,PASS,100.0,97.56,Escherichia coli,100.0,PASS,PASS,69,PASS,50.88,PASS,623689,201289,PASS,4901367,PASS,PASS,PASS,100.0,PASS,0.08,PASS,201289,PASS,51.0,PASS,4901367,PASS,4610,69,PASS,8,0,none,Pinned QualiBact scheme for Escherichia coli,197252.0,100.0,0.08,123.0,50.8821,4917652.0,GC_Content >50.88,Escherichia coli,short,/gpfs3/well/aanensen/users/rva470/speccheck/speccheck/config/criteria.csv,94ca578103ce4fcd06e80c89e7d76ef7f29a6df0799aacfa92c0acd625506607,NO,5,0,NO,qualibact-v1.0,1.3.0
SAMN42744385,PASS,PASS,PASS,PASS,none,Escherichia coli,good,341708,61,5077036,50.38,100.0,0.76,173.4,Escherichia coli,100.0,QualiBact Escherichia coli qualibact-v1.0,1.0,PASS,good,PASS,Escherichia coli,PASS,PASS,PASS,173.4,short,PASS,GCF_003697165.2,1,PASS,Escherichia coli,PASS,100.0,99.0,Escherichia coli,100.0,PASS,PASS,61,PASS,50.38,PASS,657293,341708,PASS,5077036,PASS,PASS,PASS,100.0,PASS,0.76,PASS,341708,PASS,50.0,PASS,5077036,PASS,4717,61,PASS,8,0,none,Pinned QualiBact scheme for Escherichia coli,341708.0,100.0,0.79,99.0,50.3879,5088045.0,none,Escherichia coli,short,/gpfs3/well/aanensen/users/rva470/speccheck/speccheck/config/criteria.csv,94ca578103ce4fcd06e80c89e7d76ef7f29a6df0799aacfa92c0acd625506607,NO,5,0,NO,qualibact-v1.0,1.3.0
SAMN42744387,PASS,PASS,PASS,PASS,none,Escherichia coli,good,357673,57,5076069,50.38,100.0,0.76,112.47,Escherichia coli,100.0,QualiBact Escherichia coli qualibact-v1.0,1.0,PASS,good,PASS,Escherichia coli,PASS,PASS,PASS,112.47,short,PASS,GCF_003697165.2,1,PASS,Escherichia coli,PASS,100.0,98.99,Escherichia coli,100.0,PASS,PASS,57,PASS,50.38,PASS,657103,357673,PASS,5076069,PASS,PASS,PASS,100.0,PASS,0.76,PASS,357673,PASS,50.0,PASS,5076069,PASS,4708,57,PASS,8,0,none,Pinned QualiBact scheme for Escherichia coli,357673.0,100.0,0.79,96.0,50.3857,5086683.0,none,Escherichia coli,short,/gpfs3/well/aanensen/users/rva470/speccheck/speccheck/config/criteria.csv,94ca578103ce4fcd06e80c89e7d76ef7f29a6df0799aacfa92c0acd625506607,NO,5,0,NO,qualibact-v1.0,1.3.0
SAMN42744389,PASS,PASS,PASS,PASS,none,Escherichia coli,good,202201,94,4928099,50.8,100.0,0.29,106.02,Escherichia coli,100.0,QualiBact Escherichia coli qualibact-v1.0,1.0,PASS,good,PASS,Escherichia coli,PASS,PASS,PASS,106.02,short,PASS,GCF_003697165.2,1,PASS,Escherichia coli,PASS,100.0,97.3,Escherichia coli,100.0,PASS,PASS,94,PASS,50.8,PASS,370886,202201,PASS,4928099,PASS,PASS,PASS,100.0,PASS,0.29,PASS,202201,PASS,51.0,PASS,4928099,PASS,4682,94,PASS,8,0,none,Pinned QualiBact scheme for Escherichia coli,193868.0,100.0,0.28,159.0,50.802,4947930.0,none,Escherichia coli,short,/gpfs3/well/aanensen/users/rva470/speccheck/speccheck/config/criteria.csv,94ca578103ce4fcd06e80c89e7d76ef7f29a6df0799aacfa92c0acd625506607,NO,5,0,NO,qualibact-v1.0,1.3.0
SAMN42744391,PASS,PASS,PASS,PASS,none,Escherichia coli,good,189705,93,4932742,50.8,100.0,0.31,119.58,Escherichia coli,100.0,QualiBact Escherichia coli qualibact-v1.0,1.0,PASS,good,PASS,Escherichia coli,PASS,PASS,PASS,119.58,short,PASS,GCF_003697165.2,1,PASS,Escherichia coli,PASS,100.0,97.29,Escherichia coli,100.0,PASS,PASS,93,PASS,50.8,PASS,333914,189705,PASS,4932742,PASS,PASS,PASS,100.0,PASS,0.31,PASS,189705,PASS,51.0,PASS,4932742,PASS,4674,93,PASS,8,0,none,Pinned QualiBact scheme for Escherichia coli,189705.0,100.0,0.32,134.0,50.8086,4949812.0,none,Escherichia coli,short,/gpfs3/well/aanensen/users/rva470/speccheck/speccheck/config/criteria.csv,94ca578103ce4fcd06e80c89e7d76ef7f29a6df0799aacfa92c0acd625506607,NO,5,0,NO,qualibact-v1.0,1.3.0
SAMN42744393,PASS,PASS,PASS,WARN,none,Escherichia coli,good,171258,73,4897100,50.88,100.0,0.08,95.55,Escherichia coli,100.0,QualiBact Escherichia coli qualibact-v1.0,1.0,PASS,good,PASS,Escherichia coli,PASS,PASS,PASS,95.55,short,PASS,GCF_003697165.2,1,PASS,Escherichia coli,PASS,100.0,97.56,Escherichia coli,100.0,PASS,PASS,73,PASS,50.88,PASS,623343,171258,PASS,4897100,PASS,PASS,PASS,100.0,PASS,0.08,PASS,171258,PASS,51.0,PASS,4897100,PASS,4601,73,PASS,8,0,none,Pinned QualiBact scheme for Escherichia coli,185144.0,100.0,0.08,120.0,50.8811,4912551.0,GC_Content >50.88,Escherichia coli,short,/gpfs3/well/aanensen/users/rva470/speccheck/speccheck/config/criteria.csv,94ca578103ce4fcd06e80c89e7d76ef7f29a6df0799aacfa92c0acd625506607,NO,5,0,NO,qualibact-v1.0,1.3.0
SAMN42744400,PASS,PASS,PASS,WARN,none,Escherichia coli,good,198906,76,4901804,50.88,100.0,0.08,118.91,Escherichia coli,100.0,QualiBact Escherichia coli qualibact-v1.0,1.0,PASS,good,PASS,Escherichia coli,PASS,PASS,PASS,118.91,short,PASS,GCF_003697165.2,1,PASS,Escherichia coli,PASS,100.0,97.58,Escherichia coli,100.0,PASS,PASS,76,PASS,50.88,PASS,555455,198906,PASS,4901804,PASS,PASS,PASS,100.0,PASS,0.08,PASS,198906,PASS,51.0,PASS,4901804,PASS,4607,76,PASS,8,0,none,Pinned QualiBact scheme for Escherichia coli,198906.0,100.0,0.08,124.0,50.8861,4916957.0,GC_Content >50.88,Escherichia coli,short,/gpfs3/well/aanensen/users/rva470/speccheck/speccheck/config/criteria.csv,94ca578103ce4fcd06e80c89e7d76ef7f29a6df0799aacfa92c0acd625506607,NO,5,0,NO,qualibact-v1.0,1.3.0
SAMN42744401,PASS,PASS,PASS,WARN,none,Escherichia coli,good,176679,68,4904180,50.88,100.0,0.08,91.36,Escherichia coli,100.0,QualiBact Escherichia coli qualibact-v1.0,1.0,PASS,good,PASS,Escherichia coli,PASS,PASS,PASS,91.36,short,PASS,GCF_003697165.2,1,PASS,Escherichia coli,PASS,100.0,97.57,Escherichia coli,100.0,PASS,PASS,68,PASS,50.88,PASS,478732,176679,PASS,4904180,PASS,PASS,PASS,100.0,PASS,0.08,PASS,176679,PASS,51.0,PASS,4904180,PASS,4611,68,PASS,8,0,none,Pinned QualiBact scheme for Escherichia coli,205587.0,100.0,0.08,110.0,50.8856,4914991.0,GC_Content >50.88,Escherichia coli,short,/gpfs3/well/aanensen/users/rva470/speccheck/speccheck/config/criteria.csv,94ca578103ce4fcd06e80c89e7d76ef7f29a6df0799aacfa92c0acd625506607,NO,5,0,NO,qualibact-v1.0,1.3.0
SAMN42744402,PASS,PASS,PASS,PASS,none,Escherichia coli,good,182677,86,4893872,50.88,100.0,0.08,32.63,Escherichia coli,100.0,QualiBact Escherichia coli qualibact-v1.0,1.0,PASS,good,PASS,Escherichia coli,PASS,PASS,PASS,32.63,short,PASS,GCF_003697165.2,1,PASS,Escherichia coli,PASS,100.0,97.55,Escherichia coli,100.0,PASS,PASS,86,PASS,50.88,PASS,438498,182677,PASS,4893872,PASS,PASS,PASS,100.0,PASS,0.08,PASS,182677,PASS,51.0,PASS,4893872,PASS,4609,86,PASS,8,0,none,Pinned QualiBact scheme for Escherichia coli,156429.0,100.0,0.08,147.0,50.8779,4912070.0,none,Escherichia coli,short,/gpfs3/well/aanensen/users/rva470/speccheck/speccheck/config/criteria.csv,94ca578103ce4fcd06e80c89e7d76ef7f29a6df0799aacfa92c0acd625506607,NO,5,0,NO,qualibact-v1.0,1.3.0
SAMN42744403,PASS,PASS,PASS,WARN,none,Escherichia coli,good,198958,70,4903315,50.88,100.0,0.08,85.82,Escherichia coli,100.0,QualiBact Escherichia coli qualibact-v1.0,1.0,PASS,good,PASS,Escherichia coli,PASS,PASS,PASS,85.82,short,PASS,GCF_003697165.2,1,PASS,Escherichia coli,PASS,100.0,97.58,Escherichia coli,100.0,PASS,PASS,70,PASS,50.88,PASS,623689,198958,PASS,4903315,PASS,PASS,PASS,100.0,PASS,0.08,PASS,198958,PASS,51.0,PASS,4903315,PASS,4609,70,PASS,8,0,none,Pinned QualiBact scheme for Escherichia coli,177018.0,100.0,0.08,122.0,50.8848,4918176.0,GC_Content >50.88,Escherichia coli,short,/gpfs3/well/aanensen/users/rva470/speccheck/speccheck/config/criteria.csv,94ca578103ce4fcd06e80c89e7d76ef7f29a6df0799aacfa92c0acd625506607,NO,5,0,NO,qualibact-v1.0,1.3.0
SAMN42744404,PASS,PASS,PASS,WARN,none,Escherichia coli,good,199537,75,4900451,50.88,100.0,0.08,56.16,Escherichia coli,100.0,QualiBact Escherichia coli qualibact-v1.0,1.0,PASS,good,PASS,Escherichia coli,PASS,PASS,PASS,56.16,short,PASS,GCF_003697165.2,1,PASS,Escherichia coli,PASS,100.0,97.56,Escherichia coli,100.0,PASS,PASS,75,PASS,50.88,PASS,623343,199537,PASS,4900451,PASS,PASS,PASS,100.0,PASS,0.08,PASS,199537,PASS,51.0,PASS,4900451,PASS,4602,75,PASS,8,0,none,Pinned QualiBact scheme for Escherichia coli,171258.0,100.0,0.08,145.0,50.8824,4918730.0,GC_Content >50.88,Escherichia coli,short,/gpfs3/well/aanensen/users/rva470/speccheck/speccheck/config/criteria.csv,94ca578103ce4fcd06e80c89e7d76ef7f29a6df0799aacfa92c0acd625506607,NO,5,0,NO,qualibact-v1.0,1.3.0
SAMN42744405,PASS,PASS,PASS,WARN,none,Escherichia coli,good,176148,78,4900968,50.88,100.0,0.08,109.93,Escherichia coli,100.0,QualiBact Escherichia coli qualibact-v1.0,1.0,PASS,good,PASS,Escherichia coli,PASS,PASS,PASS,109.93,short,PASS,GCF_003697165.2,1,PASS,Escherichia coli,PASS,100.0,97.57,Escherichia coli,100.0,PASS,PASS,78,PASS,50.88,PASS,422858,176148,PASS,4900968,PASS,PASS,PASS,100.0,PASS,0.08,PASS,176148,PASS,51.0,PASS,4900968,PASS,4601,78,PASS,8,0,none,Pinned QualiBact scheme for Escherichia coli,196784.0,100.0,0.08,124.0,50.887,4919350.0,GC_Content >50.88,Escherichia coli,short,/gpfs3/well/aanensen/users/rva470/speccheck/speccheck/config/criteria.csv,94ca578103ce4fcd06e80c89e7d76ef7f29a6df0799aacfa92c0acd625506607,NO,5,0,NO,qualibact-v1.0,1.3.0
SAMN42744406,PASS,PASS,PASS,WARN,none,Escherichia coli,good,145188,82,4892715,50.87,100.0,0.08,50.73,Escherichia coli,100.0,QualiBact Escherichia coli qualibact-v1.0,1.0,PASS,good,PASS,Escherichia coli,PASS,PASS,PASS,50.73,short,PASS,GCF_003697165.2,1,PASS,Escherichia coli,PASS,100.0,97.57,Escherichia coli,100.0,PASS,PASS,82,PASS,50.87,PASS,438678,145188,PASS,4892715,PASS,PASS,PASS,100.0,PASS,0.08,PASS,145188,PASS,51.0,PASS,4892715,PASS,4596,82,PASS,8,0,none,Pinned QualiBact scheme for Escherichia coli,184051.0,100.0,0.08,130.0,50.8809,4909039.0,GC_Content >50.88,Escherichia coli,short,/gpfs3/well/aanensen/users/rva470/speccheck/speccheck/config/criteria.csv,94ca578103ce4fcd06e80c89e7d76ef7f29a6df0799aacfa92c0acd625506607,NO,5,0,NO,qualibact-v1.0,1.3.0
SAMN42744407,PASS,PASS,PASS,WARN,none,Escherichia coli,good,177018,76,4901460,50.88,100.0,0.08,98.4,Escherichia coli,100.0,QualiBact Escherichia coli qualibact-v1.0,1.0,PASS,good,PASS,Escherichia coli,PASS,PASS,PASS,98.4,short,PASS,GCF_003697165.2,1,PASS,Escherichia coli,PASS,100.0,97.56,Escherichia coli,100.0,PASS,PASS,76,PASS,50.88,PASS,422858,177018,PASS,4901460,PASS,PASS,PASS,100.0,PASS,0.08,PASS,177018,PASS,51.0,PASS,4901460,PASS,4605,76,PASS,8,0,none,Pinned QualiBact scheme for Escherichia coli,171258.0,100.0,0.08,134.0,50.8847,4917645.0,GC_Content >50.88,Escherichia coli,short,/gpfs3/well/aanensen/users/rva470/speccheck/speccheck/config/criteria.csv,94ca578103ce4fcd06e80c89e7d76ef7f29a6df0799aacfa92c0acd625506607,NO,5,0,NO,qualibact-v1.0,1.3.0
SAMN42744408,PASS,PASS,PASS,WARN,none,Escherichia coli,good,199369,74,4901397,50.88,100.0,0.08,55.78,Escherichia coli,100.0,QualiBact Escherichia coli qualibact-v1.0,1.0,PASS,good,PASS,Escherichia coli,PASS,PASS,PASS,55.78,short,PASS,GCF_003697165.2,1,PASS,Escherichia coli,PASS,100.0,97.56,Escherichia coli,100.0,PASS,PASS,74,PASS,50.88,PASS,425960,199369,PASS,4901397,PASS,PASS,PASS,100.0,PASS,0.08,PASS,199369,PASS,51.0,PASS,4901397,PASS,4605,74,PASS,8,0,none,Pinned QualiBact scheme for Escherichia coli,199369.0,100.0,0.08,134.0,50.8844,4916935.0,GC_Content >50.88,Escherichia coli,short,/gpfs3/well/aanensen/users/rva470/speccheck/speccheck/config/criteria.csv,94ca578103ce4fcd06e80c89e7d76ef7f29a6df0799aacfa92c0acd625506607,NO,5,0,NO,qualibact-v1.0,1.3.0
SAMN42744409,PASS,PASS,PASS,PASS,none,Escherichia coli,good,177018,80,4896123,50.88,100.0,0.08,53.41,Escherichia coli,100.0,QualiBact Escherichia coli qualibact-v1.0,1.0,PASS,good,PASS,Escherichia coli,PASS,PASS,PASS,53.41,short,PASS,GCF_003697165.2,1,PASS,Escherichia coli,PASS,100.0,97.56,Escherichia coli,100.0,PASS,PASS,80,PASS,50.88,PASS,623343,177018,PASS,4896123,PASS,PASS,PASS,100.0,PASS,0.08,PASS,177018,PASS,51.0,PASS,4896123,PASS,4599,80,PASS,8,0,none,Pinned QualiBact scheme for Escherichia coli,148441.0,100.0,0.08,136.0,50.8797,4913181.0,none,Escherichia coli,short,/gpfs3/well/aanensen/users/rva470/speccheck/speccheck/config/criteria.csv,94ca578103ce4fcd06e80c89e7d76ef7f29a6df0799aacfa92c0acd625506607,NO,5,0,NO,qualibact-v1.0,1.3.0
SAMN42744410,PASS,PASS,PASS,WARN,none,Escherichia coli,good,135476,81,4892832,50.87,100.0,0.09,62.72,Escherichia coli,100.0,QualiBact Escherichia coli qualibact-v1.0,1.0,PASS,good,PASS,Escherichia coli,PASS,PASS,PASS,62.72,short,PASS,GCF_003697165.2,1,PASS,Escherichia coli,PASS,100.0,97.56,Escherichia coli,100.0,PASS,PASS,81,PASS,50.87,PASS,436595,135476,PASS,4892832,PASS,PASS,PASS,100.0,PASS,0.09,PASS,135476,PASS,51.0,PASS,4892832,PASS,4589,81,PASS,8,0,none,Pinned QualiBact scheme for Escherichia coli,135476.0,100.0,0.08,153.0,50.8807,4913981.0,GC_Content >50.88,Escherichia coli,short,/gpfs3/well/aanensen/users/rva470/speccheck/speccheck/config/criteria.csv,94ca578103ce4fcd06e80c89e7d76ef7f29a6df0799aacfa92c0acd625506607,NO,5,0,NO,qualibact-v1.0,1.3.0
SAMN42744411,PASS,PASS,PASS,WARN,none,Escherichia coli,good,199369,74,4900119,50.88,100.0,0.08,73.29,Escherichia coli,100.0,QualiBact Escherichia coli qualibact-v1.0,1.0,PASS,good,PASS,Escherichia coli,PASS,PASS,PASS,73.29,short,PASS,GCF_003697165.2,1,PASS,Escherichia coli,PASS,100.0,97.55,Escherichia coli,100.0,PASS,PASS,74,PASS,50.88,PASS,623689,199369,PASS,4900119,PASS,PASS,PASS,100.0,PASS,0.08,PASS,199369,PASS,51.0,PASS,4900119,PASS,4604,74,PASS,8,0,none,Pinned QualiBact scheme for Escherichia coli,176148.0,100.0,0.08,132.0,50.8814,4915519.0,GC_Content >50.88,Escherichia coli,short,/gpfs3/well/aanensen/users/rva470/speccheck/speccheck/config/criteria.csv,94ca578103ce4fcd06e80c89e7d76ef7f29a6df0799aacfa92c0acd625506607,NO,5,0,NO,qualibact-v1.0,1.3.0
SAMN42744412,PASS,PASS,PASS,WARN,none,Escherichia coli,good,199589,73,4900582,50.88,100.0,0.08,48.33,Escherichia coli,100.0,QualiBact Escherichia coli qualibact-v1.0,1.0,PASS,good,PASS,Escherichia coli,PASS,PASS,PASS,48.33,short,PASS,GCF_003697165.2,1,PASS,Escherichia coli,PASS,100.0,97.55,Escherichia coli,100.0,PASS,PASS,73,PASS,50.88,PASS,623343,199589,PASS,4900582,PASS,PASS,PASS,100.0,PASS,0.08,PASS,199589,PASS,51.0,PASS,4900582,PASS,4605,73,PASS,8,0,none,Pinned QualiBact scheme for Escherichia coli,199589.0,100.0,0.08,129.0,50.8831,4916427.0,GC_Content >50.88,Escherichia coli,short,/gpfs3/well/aanensen/users/rva470/speccheck/speccheck/config/criteria.csv,94ca578103ce4fcd06e80c89e7d76ef7f29a6df0799aacfa92c0acd625506607,NO,5,0,NO,qualibact-v1.0,1.3.0
SAMN42744413,PASS,PASS,PASS,PASS,none,Escherichia coli,good,156427,73,4899931,50.88,100.0,0.08,96.91,Escherichia coli,100.0,QualiBact Escherichia coli qualibact-v1.0,1.0,PASS,good,PASS,Escherichia coli,PASS,PASS,PASS,96.91,short,PASS,GCF_003697165.2,1,PASS,Escherichia coli,PASS,100.0,97.57,Escherichia coli,100.0,PASS,PASS,73,PASS,50.88,PASS,623689,156427,PASS,4899931,PASS,PASS,PASS,100.0,PASS,0.08,PASS,156427,PASS,51.0,PASS,4899931,PASS,4605,73,PASS,8,0,none,Pinned QualiBact scheme for Escherichia coli,176679.0,100.0,0.08,124.0,50.8795,4916251.0,none,Escherichia coli,short,/gpfs3/well/aanensen/users/rva470/speccheck/speccheck/config/criteria.csv,94ca578103ce4fcd06e80c89e7d76ef7f29a6df0799aacfa92c0acd625506607,NO,5,0,NO,qualibact-v1.0,1.3.0
SAMN42744414,PASS,PASS,PASS,WARN,none,Escherichia coli,good,208992,68,4899821,50.88,100.0,0.08,58.13,Escherichia coli,100.0,QualiBact Escherichia coli qualibact-v1.0,1.0,PASS,good,PASS,Escherichia coli,PASS,PASS,PASS,58.13,short,PASS,GCF_003697165.2,1,PASS,Escherichia coli,PASS,100.0,97.55,Escherichia coli,100.0,PASS,PASS,68,PASS,50.88,PASS,623818,208992,PASS,4899821,PASS,PASS,PASS,100.0,PASS,0.08,PASS,208992,PASS,51.0,PASS,4899821,PASS,4603,68,PASS,8,0,none,Pinned QualiBact scheme for Escherichia coli,208992.0,100.0,0.08,118.0,50.8834,4914362.0,GC_Content >50.88,Escherichia coli,short,/gpfs3/well/aanensen/users/rva470/speccheck/speccheck/config/criteria.csv,94ca578103ce4fcd06e80c89e7d76ef7f29a6df0799aacfa92c0acd625506607,NO,5,0,NO,qualibact-v1.0,1.3.0
SAMN42744415,PASS,PASS,PASS,WARN,none,Escherichia coli,good,176156,80,4898570,50.88,100.0,0.09,66.81,Escherichia coli,100.0,QualiBact Escherichia coli qualibact-v1.0,1.0,PASS,good,PASS,Escherichia coli,PASS,PASS,PASS,66.81,short,PASS,GCF_003697165.2,1,PASS,Escherichia coli,PASS,100.0,97.56,Escherichia coli,100.0,PASS,PASS,80,PASS,50.88,PASS,623343,176156,PASS,4898570,PASS,PASS,PASS,100.0,PASS,0.09,PASS,176156,PASS,51.0,PASS,4898570,PASS,4604,80,PASS,8,0,none,Pinned QualiBact scheme for Escherichia coli,177018.0,100.0,0.08,131.0,50.8819,4915240.0,GC_Content >50.88,Escherichia coli,short,/gpfs3/well/aanensen/users/rva470/speccheck/speccheck/config/criteria.csv,94ca578103ce4fcd06e80c89e7d76ef7f29a6df0799aacfa92c0acd625506607,NO,5,0,NO,qualibact-v1.0,1.3.0
SAMN42744416,PASS,PASS,PASS,PASS,none,Escherichia coli,good,198958,82,4895457,50.87,100.0,0.08,50.07,Escherichia coli,100.0,QualiBact Escherichia coli qualibact-v1.0,1.0,PASS,good,PASS,Escherichia coli,PASS,PASS,PASS,50.07,short,PASS,GCF_003697165.2,1,PASS,Escherichia coli,PASS,100.0,97.55,Escherichia coli,100.0,PASS,PASS,82,PASS,50.87,PASS,623689,198958,PASS,4895457,PASS,PASS,PASS,100.0,PASS,0.08,PASS,198958,PASS,51.0,PASS,4895457,PASS,4608,82,PASS,8,0,none,Pinned QualiBact scheme for Escherichia coli,177018.0,100.0,0.08,141.0,50.8745,4913024.0,none,Escherichia coli,short,/gpfs3/well/aanensen/users/rva470/speccheck/speccheck/config/criteria.csv,94ca578103ce4fcd06e80c89e7d76ef7f29a6df0799aacfa92c0acd625506607,NO,5,0,NO,qualibact-v1.0,1.3.0
SAMN42744418,PASS,PASS,PASS,PASS,none,Escherichia coli,good,279495,43,5031920,50.8,100.0,0.09,205.34,Escherichia coli,100.0,QualiBact Escherichia coli qualibact-v1.0,1.0,PASS,good,PASS,Escherichia coli,PASS,PASS,PASS,205.34,short,PASS,GCF_003697165.2,1,PASS,Escherichia coli,PASS,100.0,97.39,Escherichia coli,100.0,PASS,PASS,43,PASS,50.8,PASS,609872,279495,PASS,5031920,PASS,PASS,PASS,100.0,PASS,0.09,PASS,279495,PASS,51.0,PASS,5031920,PASS,4803,43,PASS,8,0,none,Pinned QualiBact scheme for Escherichia coli,279495.0,100.0,0.08,73.0,50.8042,5042226.0,none,Escherichia coli,short,/gpfs3/well/aanensen/users/rva470/speccheck/speccheck/config/criteria.csv,94ca578103ce4fcd06e80c89e7d76ef7f29a6df0799aacfa92c0acd625506607,NO,5,0,NO,qualibact-v1.0,1.3.0
SAMN42744419,PASS,PASS,PASS,PASS,none,Escherichia coli,good,321759,43,5031653,50.79,100.0,0.08,108.38,Escherichia coli,100.0,QualiBact Escherichia coli qualibact-v1.0,1.0,PASS,good,PASS,Escherichia coli,PASS,PASS,PASS,108.38,short,PASS,GCF_003697165.2,1,PASS,Escherichia coli,PASS,100.0,97.38,Escherichia coli,100.0,PASS,PASS,43,PASS,50.79,PASS,610200,321759,PASS,5031653,PASS,PASS,PASS,100.0,PASS,0.08,PASS,321759,PASS,51.0,PASS,5031653,PASS,4804,43,PASS,8,0,none,Pinned QualiBact scheme for Escherichia coli,321759.0,100.0,0.08,73.0,50.8029,5041131.0,none,Escherichia coli,short,/gpfs3/well/aanensen/users/rva470/speccheck/speccheck/config/criteria.csv,94ca578103ce4fcd06e80c89e7d76ef7f29a6df0799aacfa92c0acd625506607,NO,5,0,NO,qualibact-v1.0,1.3.0
SAMN42744420,PASS,PASS,PASS,PASS,none,Escherichia coli,good,200400,62,5025641,50.79,100.0,0.09,50.79,Escherichia coli,100.0,QualiBact Escherichia coli qualibact-v1.0,1.0,PASS,good,PASS,Escherichia coli,PASS,PASS,PASS,50.79,short,PASS,GCF_003697165.2,1,PASS,Escherichia coli,PASS,100.0,97.37,Escherichia coli,100.0,PASS,PASS,62,PASS,50.79,PASS,609872,200400,PASS,5025641,PASS,PASS,PASS,100.0,PASS,0.09,PASS,200400,PASS,51.0,PASS,5025641,PASS,4802,62,PASS,8,0,none,Pinned QualiBact scheme for Escherichia coli,200400.0,100.0,0.09,92.0,50.7932,5036356.0,none,Escherichia coli,short,/gpfs3/well/aanensen/users/rva470/speccheck/speccheck/config/criteria.csv,94ca578103ce4fcd06e80c89e7d76ef7f29a6df0799aacfa92c0acd625506607,NO,5,0,NO,qualibact-v1.0,1.3.0
SAMN42744421,PASS,PASS,PASS,PASS,none,Escherichia coli,good,256567,46,5026887,50.81,100.0,0.09,85.07,Escherichia coli,100.0,QualiBact Escherichia coli qualibact-v1.0,1.0,PASS,good,PASS,Escherichia coli,PASS,PASS,PASS,85.07,short,PASS,GCF_003697165.2,1,PASS,Escherichia coli,PASS,100.0,97.38,Escherichia coli,100.0,PASS,PASS,46,PASS,50.81,PASS,610200,256567,PASS,5026887,PASS,PASS,PASS,100.0,PASS,0.09,PASS,256567,PASS,51.0,PASS,5026887,PASS,4792,46,PASS,8,0,none,Pinned QualiBact scheme for Escherichia coli,260884.0,100.0,0.08,72.0,50.8185,5035569.0,none,Escherichia coli,short,/gpfs3/well/aanensen/users/rva470/speccheck/speccheck/config/criteria.csv,94ca578103ce4fcd06e80c89e7d76ef7f29a6df0799aacfa92c0acd625506607,NO,5,0,NO,qualibact-v1.0,1.3.0
SAMN42744422,PASS,PASS,PASS,PASS,none,Escherichia coli,good,244756,84,5347772,50.68,100.0,0.46,84.45,Escherichia coli,100.0,QualiBact Escherichia coli qualibact-v1.0,1.0,PASS,good,PASS,Escherichia coli,PASS,PASS,PASS,84.45,short,PASS,GCF_003697165.2,1,PASS,Escherichia coli,PASS,100.0,97.5,Escherichia coli,100.0,PASS,PASS,84,PASS,50.68,PASS,572883,244756,PASS,5347772,PASS,PASS,PASS,100.0,PASS,0.46,PASS,244756,PASS,51.0,PASS,5347772,PASS,5067,84,PASS,8,0,none,Pinned QualiBact scheme for Escherichia coli,202135.0,100.0,0.44,131.0,50.6861,5365334.0,none,Escherichia coli,short,/gpfs3/well/aanensen/users/rva470/speccheck/speccheck/config/criteria.csv,94ca578103ce4fcd06e80c89e7d76ef7f29a6df0799aacfa92c0acd625506607,NO,5,0,NO,qualibact-v1.0,1.3.0
SAMN42744423,PASS,PASS,PASS,PASS,none,Escherichia coli,good,268501,63,5227819,50.69,100.0,0.06,133.49,Escherichia coli,100.0,QualiBact Escherichia coli qualibact-v1.0,1.0,PASS,good,PASS,Escherichia coli,PASS,PASS,PASS,133.49,short,PASS,GCF_003697165.2,1,PASS,Escherichia coli,PASS,100.0,97.36,Escherichia coli,100.0,PASS,PASS,63,PASS,50.69,PASS,626246,268501,PASS,5227819,PASS,PASS,PASS,100.0,PASS,0.06,PASS,268501,PASS,51.0,PASS,5227819,PASS,4930,63,PASS,8,0,none,Pinned QualiBact scheme for Escherichia coli,293327.0,100.0,0.05,121.0,50.7124,5247371.0,none,Escherichia coli,short,/gpfs3/well/aanensen/users/rva470/speccheck/speccheck/config/criteria.csv,94ca578103ce4fcd06e80c89e7d76ef7f29a6df0799aacfa92c0acd625506607,NO,5,0,NO,qualibact-v1.0,1.3.0
SAMN42744424,PASS,PASS,PASS,PASS,none,Escherichia coli,good,224816,49,4994949,50.86,100.0,0.08,76.91,Escherichia coli,100.0,QualiBact Escherichia coli qualibact-v1.0,1.0,PASS,good,PASS,Escherichia coli,PASS,PASS,PASS,76.91,short,PASS,GCF_003697165.2,1,PASS,Escherichia coli,PASS,100.0,97.35,Escherichia coli,100.0,PASS,PASS,49,PASS,50.86,PASS,610200,224816,PASS,4994949,PASS,PASS,PASS,100.0,PASS,0.08,PASS,224816,PASS,51.0,PASS,4994949,PASS,4756,49,PASS,8,0,none,Pinned QualiBact scheme for Escherichia coli,224816.0,100.0,0.08,74.0,50.8715,5003969.0,none,Escherichia coli,short,/gpfs3/well/aanensen/users/rva470/speccheck/speccheck/config/criteria.csv,94ca578103ce4fcd06e80c89e7d76ef7f29a6df0799aacfa92c0acd625506607,NO,5,0,NO,qualibact-v1.0,1.3.0
SAMN42744425,PASS,PASS,PASS,PASS,none,Escherichia coli,good,256567,43,5032637,50.79,100.0,0.09,54.19,Escherichia coli,100.0,QualiBact Escherichia coli qualibact-v1.0,1.0,PASS,good,PASS,Escherichia coli,PASS,PASS,PASS,54.19,short,PASS,GCF_003697165.2,1,PASS,Escherichia coli,PASS,100.0,97.37,Escherichia coli,100.0,PASS,PASS,43,PASS,50.79,PASS,609872,256567,PASS,5032637,PASS,PASS,PASS,100.0,PASS,0.09,PASS,256567,PASS,51.0,PASS,5032637,PASS,4805,43,PASS,8,0,none,Pinned QualiBact scheme for Escherichia coli,256567.0,100.0,0.08,72.0,50.8003,5039191.0,none,Escherichia coli,short,/gpfs3/well/aanensen/users/rva470/speccheck/speccheck/config/criteria.csv,94ca578103ce4fcd06e80c89e7d76ef7f29a6df0799aacfa92c0acd625506607,NO,5,0,NO,qualibact-v1.0,1.3.0
SAMN42744426,PASS,PASS,PASS,PASS,none,Escherichia coli,good,181737,73,5162995,50.53,100.0,0.98,173.61,Escherichia coli,100.0,QualiBact Escherichia coli qualibact-v1.0,1.0,PASS,good,PASS,Escherichia coli,PASS,PASS,PASS,173.61,short,PASS,GCF_003697165.2,1,PASS,Escherichia coli,PASS,100.0,99.06,Escherichia coli,100.0,PASS,PASS,73,PASS,50.53,PASS,533007,181737,PASS,5162995,PASS,PASS,PASS,100.0,PASS,0.98,PASS,181737,PASS,51.0,PASS,5162995,PASS,4882,73,PASS,8,0,none,Pinned QualiBact scheme for Escherichia coli,215407.0,100.0,1.0,110.0,50.5292,5174111.0,none,Escherichia coli,short,/gpfs3/well/aanensen/users/rva470/speccheck/speccheck/config/criteria.csv,94ca578103ce4fcd06e80c89e7d76ef7f29a6df0799aacfa92c0acd625506607,NO,5,0,NO,qualibact-v1.0,1.3.0
SAMN42744427,PASS,PASS,PASS,PASS,none,Escherichia coli,good,267412,66,5163584,50.53,100.0,0.99,96.36,Escherichia coli,100.0,QualiBact Escherichia coli qualibact-v1.0,1.0,PASS,good,PASS,Escherichia coli,PASS,PASS,PASS,96.36,short,PASS,GCF_003697165.2,1,PASS,Escherichia coli,PASS,100.0,99.06,Escherichia coli,100.0,PASS,PASS,66,PASS,50.53,PASS,434708,267412,PASS,5163584,PASS,PASS,PASS,100.0,PASS,0.99,PASS,267412,PASS,51.0,PASS,5163584,PASS,4886,66,PASS,8,0,none,Pinned QualiBact scheme for Escherichia coli,275546.0,100.0,1.01,105.0,50.5295,5174798.0,none,Escherichia coli,short,/gpfs3/well/aanensen/users/rva470/speccheck/speccheck/config/criteria.csv,94ca578103ce4fcd06e80c89e7d76ef7f29a6df0799aacfa92c0acd625506607,NO,5,0,NO,qualibact-v1.0,1.3.0
SAMN42744428,PASS,PASS,PASS,PASS,none,Escherichia coli,good,181737,76,5170588,50.51,100.0,0.98,141.97,Escherichia coli,100.0,QualiBact Escherichia coli qualibact-v1.0,1.0,PASS,good,PASS,Escherichia coli,PASS,PASS,PASS,141.97,short,PASS,GCF_003697165.2,1,PASS,Escherichia coli,PASS,100.0,99.06,Escherichia coli,100.0,PASS,PASS,76,PASS,50.51,PASS,533007,181737,PASS,5170588,PASS,PASS,PASS,100.0,PASS,0.98,PASS,181737,PASS,51.0,PASS,5170588,PASS,4892,76,PASS,8,0,none,Pinned QualiBact scheme for Escherichia coli,170530.0,100.0,1.0,111.0,50.5121,5182467.0,none,Escherichia coli,short,/gpfs3/well/aanensen/users/rva470/speccheck/speccheck/config/criteria.csv,94ca578103ce4fcd06e80c89e7d76ef7f29a6df0799aacfa92c0acd625506607,NO,5,0,NO,qualibact-v1.0,1.3.0
SAMN42744430,PASS,PASS,PASS,PASS,none,Escherichia coli,good,321175,48,5031207,50.8,100.0,0.09,100.8,Escherichia coli,100.0,QualiBact Escherichia coli qualibact-v1.0,1.0,PASS,good,PASS,Escherichia coli,PASS,PASS,PASS,100.8,short,PASS,GCF_003697165.2,1,PASS,Escherichia coli,PASS,100.0,97.39,Escherichia coli,100.0,PASS,PASS,48,PASS,50.8,PASS,610200,321175,PASS,5031207,PASS,PASS,PASS,100.0,PASS,0.09,PASS,321175,PASS,51.0,PASS,5031207,PASS,4801,48,PASS,8,0,none,Pinned QualiBact scheme for Escherichia coli,271924.0,100.0,0.08,71.0,50.8021,5040987.0,none,Escherichia coli,short,/gpfs3/well/aanensen/users/rva470/speccheck/speccheck/config/criteria.csv,94ca578103ce4fcd06e80c89e7d76ef7f29a6df0799aacfa92c0acd625506607,NO,5,0,NO,qualibact-v1.0,1.3.0
SAMN42744646,PASS,PASS,PASS,PASS,none,Escherichia coli,good,126359,139,5066673,50.32,100.0,0.34,74.67,Escherichia coli,100.0,QualiBact Escherichia coli qualibact-v1.0,1.0,PASS,good,PASS,Escherichia coli,PASS,PASS,PASS,74.67,short,PASS,GCF_003697165.2,1,PASS,Escherichia coli,PASS,100.0,97.4,Escherichia coli,100.0,PASS,PASS,139,PASS,50.32,PASS,223188,126359,PASS,5066673,PASS,PASS,PASS,100.0,PASS,0.34,PASS,126359,PASS,50.0,PASS,5066673,PASS,4897,139,PASS,8,0,none,Pinned QualiBact scheme for Escherichia coli,131769.0,100.0,0.4,231.0,50.3371,5102497.0,none,Escherichia coli,short,/gpfs3/well/aanensen/users/rva470/speccheck/speccheck/config/criteria.csv,94ca578103ce4fcd06e80c89e7d76ef7f29a6df0799aacfa92c0acd625506607,NO,5,0,NO,qualibact-v1.0,1.3.0
SAMN42744647,PASS,PASS,PASS,PASS,none,Escherichia coli,good,137568,94,4745431,50.62,100.0,0.14,52.6,Escherichia coli,100.0,QualiBact Escherichia coli qualibact-v1.0,1.0,PASS,good,PASS,Escherichia coli,PASS,PASS,PASS,52.6,short,PASS,GCF_003697165.2,1,PASS,Escherichia coli,PASS,100.0,97.25,Escherichia coli,100.0,PASS,PASS,94,PASS,50.62,PASS,292754,137568,PASS,4745431,PASS,PASS,PASS,100.0,PASS,0.14,PASS,137568,PASS,51.0,PASS,4745431,PASS,4510,94,PASS,8,0,none,Pinned QualiBact scheme for Escherichia coli,137568.0,100.0,0.03,134.0,50.6287,4758218.0,none,Escherichia coli,short,/gpfs3/well/aanensen/users/rva470/speccheck/speccheck/config/criteria.csv,94ca578103ce4fcd06e80c89e7d76ef7f29a6df0799aacfa92c0acd625506607,NO,5,0,NO,qualibact-v1.0,1.3.0
SAMN42764205,PASS,PASS,PASS,PASS,none,Escherichia coli,good,134071,113,5436796,50.59,100.0,0.6,70.44,Escherichia coli,100.0,QualiBact Escherichia coli qualibact-v1.0,1.0,PASS,good,PASS,Escherichia coli,PASS,PASS,PASS,70.44,short,PASS,GCF_003697165.2,1,PASS,Escherichia coli,PASS,100.0,97.56,Escherichia coli,100.0,PASS,PASS,113,PASS,50.59,PASS,579877,134071,PASS,5436796,PASS,PASS,PASS,100.0,PASS,0.6,PASS,134071,PASS,51.0,PASS,5436796,PASS,5133,113,PASS,8,0,none,Pinned QualiBact scheme for Escherichia coli,145048.0,100.0,0.69,169.0,50.613,5469030.0,none,Escherichia coli,short,/gpfs3/well/aanensen/users/rva470/speccheck/speccheck/config/criteria.csv,94ca578103ce4fcd06e80c89e7d76ef7f29a6df0799aacfa92c0acd625506607,NO,5,0,NO,qualibact-v1.0,1.3.0
SAMN42764206,PASS,PASS,PASS,PASS,none,Escherichia coli,good,90113,139,5425996,50.45,100.0,0.8,74.7,Escherichia coli,100.0,QualiBact Escherichia coli qualibact-v1.0,1.0,PASS,good,PASS,Escherichia coli,PASS,PASS,PASS,74.7,short,PASS,GCF_003697165.2,1,PASS,Escherichia coli,PASS,100.0,97.56,Escherichia coli,100.0,PASS,PASS,139,PASS,50.45,PASS,416294,90113,PASS,5425996,PASS,PASS,PASS,100.0,PASS,0.8,PASS,90113,PASS,50.0,PASS,5425996,PASS,5114,139,PASS,8,0,none,Pinned QualiBact scheme for Escherichia coli,94018.0,100.0,0.83,259.0,50.4669,5473346.0,none,Escherichia coli,short,/gpfs3/well/aanensen/users/rva470/speccheck/speccheck/config/criteria.csv,94ca578103ce4fcd06e80c89e7d76ef7f29a6df0799aacfa92c0acd625506607,NO,5,0,NO,qualibact-v1.0,1.3.0
SAMN42764349,PASS,PASS,PASS,PASS,none,Escherichia coli,good,118054,234,5441675,50.48,100.0,0.31,50.21,Escherichia coli,100.0,QualiBact Escherichia coli qualibact-v1.0,1.0,PASS,good,PASS,Escherichia coli,PASS,PASS,PASS,50.21,short,PASS,GCF_003697165.2,1,PASS,Escherichia coli,PASS,100.0,97.38,Escherichia coli,100.0,PASS,PASS,234,PASS,50.48,PASS,230587,118054,PASS,5441675,PASS,PASS,PASS,100.0,PASS,0.31,PASS,118054,PASS,50.0,PASS,5441675,PASS,5474,234,PASS,8,0,none,Pinned QualiBact scheme for Escherichia coli,118054.0,100.0,0.31,483.0,50.5131,5524219.0,none,Escherichia coli,short,/gpfs3/well/aanensen/users/rva470/speccheck/speccheck/config/criteria.csv,94ca578103ce4fcd06e80c89e7d76ef7f29a6df0799aacfa92c0acd625506607,NO,5,0,NO,qualibact-v1.0,1.3.0
SAMN42764350,PASS,PASS,PASS,PASS,none,Escherichia coli,good,182288,206,5512724,50.56,100.0,0.38,65.42,Escherichia coli,100.0,QualiBact Escherichia coli qualibact-v1.0,1.0,PASS,good,PASS,Escherichia coli,PASS,PASS,PASS,65.42,short,PASS,GCF_003697165.2,1,PASS,Escherichia coli,PASS,100.0,97.36,Escherichia coli,100.0,PASS,PASS,206,PASS,50.56,PASS,351085,182288,PASS,5512724,PASS,PASS,PASS,100.0,PASS,0.38,PASS,182288,PASS,51.0,PASS,5512724,PASS,5512,206,PASS,8,0,none,Pinned QualiBact scheme for Escherichia coli,182288.0,100.0,0.42,427.0,50.5977,5590938.0,none,Escherichia coli,short,/gpfs3/well/aanensen/users/rva470/speccheck/speccheck/config/criteria.csv,94ca578103ce4fcd06e80c89e7d76ef7f29a6df0799aacfa92c0acd625506607,NO,5,0,NO,qualibact-v1.0,1.3.0
SAMN42764352,FAIL,FAIL,PASS,PASS,Speciator.genusName; Speciator.speciesName,Shigella flexneri,good,33229,329,4482070,50.4,100.0,0.14,68.42,Escherichia coli,100.0,QualiBact Escherichia coli qualibact-v1.0,1.0,FAIL,good,PASS,Shigella flexneri,FAIL,FAIL,PASS,68.42,short,PASS,GCF_003697165.2,1,PASS,Escherichia coli,PASS,100.0,96.97,Escherichia coli,100.0,PASS,PASS,329,PASS,50.4,PASS,90195,33229,PASS,4482070,PASS,PASS,PASS,100.0,PASS,0.14,PASS,33229,PASS,50.0,PASS,4482070,PASS,4724,329,PASS,8,0,none,Pinned QualiBact scheme for Escherichia coli (applied to Shigella flexneri),32673.0,100.0,0.2,543.0,50.4002,4540293.0,none,Escherichia coli,short,/gpfs3/well/aanensen/users/rva470/speccheck/speccheck/config/criteria.csv,94ca578103ce4fcd06e80c89e7d76ef7f29a6df0799aacfa92c0acd625506607,NO,5,0,NO,qualibact-v1.0,1.3.0
SAMN42764354,FAIL,FAIL,PASS,PASS,Speciator.genusName; Speciator.speciesName,Shigella sonnei,good,25362,365,4451925,50.84,100.0,0.0,74.68,Escherichia coli,100.0,QualiBact Escherichia coli qualibact-v1.0,1.0,FAIL,good,PASS,Shigella sonnei,FAIL,FAIL,PASS,74.68,short,PASS,GCF_003697165.2,1,PASS,Escherichia coli,PASS,100.0,97.08,Escherichia coli,100.0,PASS,PASS,365,PASS,50.84,PASS,88005,25362,PASS,4451925,PASS,PASS,PASS,100.0,PASS,0.0,PASS,25362,PASS,51.0,PASS,4451925,PASS,4559,365,PASS,8,0,none,Pinned QualiBact scheme for Escherichia coli (applied to Shigella sonnei),25362.0,100.0,0.0,512.0,50.8368,4499145.0,none,Escherichia coli,short,/gpfs3/well/aanensen/users/rva470/speccheck/speccheck/config/criteria.csv,94ca578103ce4fcd06e80c89e7d76ef7f29a6df0799aacfa92c0acd625506607,NO,5,0,NO,qualibact-v1.0,1.3.0
SAMN42764356,FAIL,FAIL,PASS,PASS,Speciator.genusName; Speciator.speciesName,Shigella flexneri,good,31449,350,4568793,50.52,100.0,0.48,44.37,Escherichia coli,100.0,QualiBact Escherichia coli qualibact-v1.0,1.0,FAIL,good,PASS,Shigella flexneri,FAIL,FAIL,PASS,44.37,short,PASS,GCF_003697165.2,1,PASS,Escherichia coli,PASS,100.0,96.94,Escherichia coli,100.0,PASS,PASS,350,PASS,50.52,PASS,137244,31449,PASS,4568793,PASS,PASS,PASS,100.0,PASS,0.48,PASS,31449,PASS,51.0,PASS,4568793,PASS,4793,350,PASS,8,0,none,Pinned QualiBact scheme for Escherichia coli (applied to Shigella flexneri),33705.0,100.0,0.49,557.0,50.5207,4632630.0,none,Escherichia coli,short,/gpfs3/well/aanensen/users/rva470/speccheck/speccheck/config/criteria.csv,94ca578103ce4fcd06e80c89e7d76ef7f29a6df0799aacfa92c0acd625506607,NO,5,0,NO,qualibact-v1.0,1.3.0
SAMN42764594,PASS,PASS,PASS,PASS,none,Escherichia coli,good,135589,214,5351895,50.6,100.0,0.3,48.43,Escherichia coli,100.0,QualiBact Escherichia coli qualibact-v1.0,1.0,PASS,good,PASS,Escherichia coli,PASS,PASS,PASS,48.43,short,PASS,GCF_003697165.2,1,PASS,Escherichia coli,PASS,100.0,97.35,Escherichia coli,100.0,PASS,PASS,214,PASS,50.6,PASS,336843,135589,PASS,5351895,PASS,PASS,PASS,100.0,PASS,0.3,PASS,135589,PASS,51.0,PASS,5351895,PASS,5348,214,PASS,8,0,none,Pinned QualiBact scheme for Escherichia coli,135589.0,100.0,0.33,440.0,50.6388,5425440.0,none,Escherichia coli,short,/gpfs3/well/aanensen/users/rva470/speccheck/speccheck/config/criteria.csv,94ca578103ce4fcd06e80c89e7d76ef7f29a6df0799aacfa92c0acd625506607,NO,5,0,NO,qualibact-v1.0,1.3.0
SAMN42764595,PASS,PASS,PASS,PASS,none,Escherichia coli,good,124770,229,5420315,50.53,100.0,0.29,34.27,Escherichia coli,100.0,QualiBact Escherichia coli qualibact-v1.0,1.0,PASS,good,PASS,Escherichia coli,PASS,PASS,PASS,34.27,short,PASS,GCF_003697165.2,1,PASS,Escherichia coli,PASS,100.0,97.36,Escherichia coli,100.0,PASS,PASS,229,PASS,50.53,PASS,336828,124770,PASS,5420315,PASS,PASS,PASS,100.0,PASS,0.29,PASS,124770,PASS,51.0,PASS,5420315,PASS,5408,229,PASS,8,0,none,Pinned QualiBact scheme for Escherichia coli,135589.0,100.0,0.31,451.0,50.5744,5493683.0,none,Escherichia coli,short,/gpfs3/well/aanensen/users/rva470/speccheck/speccheck/config/criteria.csv,94ca578103ce4fcd06e80c89e7d76ef7f29a6df0799aacfa92c0acd625506607,NO,5,0,NO,qualibact-v1.0,1.3.0
SAMN42764596,PASS,PASS,PASS,PASS,none,Escherichia coli,good,135589,235,5557044,50.44,100.0,0.29,53.97,Escherichia coli,100.0,QualiBact Escherichia coli qualibact-v1.0,1.0,PASS,good,PASS,Escherichia coli,PASS,PASS,PASS,53.97,short,PASS,GCF_003697165.2,1,PASS,Escherichia coli,PASS,100.0,97.38,Escherichia coli,100.0,PASS,PASS,235,PASS,50.44,PASS,311675,135589,PASS,5557044,PASS,PASS,PASS,100.0,PASS,0.29,PASS,135589,PASS,50.0,PASS,5557044,PASS,5534,235,PASS,8,0,none,Pinned QualiBact scheme for Escherichia coli,135589.0,100.0,0.32,436.0,50.4753,5626770.0,none,Escherichia coli,short,/gpfs3/well/aanensen/users/rva470/speccheck/speccheck/config/criteria.csv,94ca578103ce4fcd06e80c89e7d76ef7f29a6df0799aacfa92c0acd625506607,NO,5,0,NO,qualibact-v1.0,1.3.0
SAMN42764691,PASS,PASS,PASS,PASS,none,Escherichia coli,good,157662,215,5367988,50.49,100.0,0.25,104.38,Escherichia coli,100.0,QualiBact Escherichia coli qualibact-v1.0,1.0,PASS,good,PASS,Escherichia coli,PASS,PASS,PASS,104.38,short,PASS,GCF_003697165.2,1,PASS,Escherichia coli,PASS,100.0,97.33,Escherichia coli,100.0,PASS,PASS,215,PASS,50.49,PASS,344806,157662,PASS,5367988,PASS,PASS,PASS,100.0,PASS,0.25,PASS,157662,PASS,50.0,PASS,5367988,PASS,5274,215,PASS,8,0,none,Pinned QualiBact scheme for Escherichia coli,145267.0,100.0,0.25,457.0,50.5275,5439909.0,none,Escherichia coli,short,/gpfs3/well/aanensen/users/rva470/speccheck/speccheck/config/criteria.csv,94ca578103ce4fcd06e80c89e7d76ef7f29a6df0799aacfa92c0acd625506607,NO,5,0,NO,qualibact-v1.0,1.3.0
SAMN42764692,PASS,PASS,PASS,PASS,none,Escherichia coli,good,99677,205,5197183,50.45,100.0,0.16,83.1,Escherichia coli,100.0,QualiBact Escherichia coli qualibact-v1.0,1.0,PASS,good,PASS,Escherichia coli,PASS,PASS,PASS,83.1,short,PASS,GCF_003697165.2,1,PASS,Escherichia coli,PASS,100.0,97.28,Escherichia coli,100.0,PASS,PASS,205,PASS,50.45,PASS,370595,99677,PASS,5197183,PASS,PASS,PASS,100.0,PASS,0.16,PASS,99677,PASS,50.0,PASS,5197183,PASS,5174,205,PASS,8,0,none,Pinned QualiBact scheme for Escherichia coli,99677.0,100.0,0.16,459.0,50.4885,5273829.0,none,Escherichia coli,short,/gpfs3/well/aanensen/users/rva470/speccheck/speccheck/config/criteria.csv,94ca578103ce4fcd06e80c89e7d76ef7f29a6df0799aacfa92c0acd625506607,NO,5,0,NO,qualibact-v1.0,1.3.0
SAMN42764693,PASS,PASS,PASS,WARN,none,Escherichia coli,good,99132,284,5560082,50.38,100.0,0.24,78.03,Escherichia coli,100.0,QualiBact Escherichia coli qualibact-v1.0,1.0,PASS,good,PASS,Escherichia coli,PASS,PASS,PASS,78.03,short,PASS,GCF_003697165.2,1,PASS,Escherichia coli,PASS,100.0,97.43,Escherichia coli,100.0,PASS,PASS,284,PASS,50.38,PASS,244621,99132,PASS,5560082,PASS,PASS,PASS,100.0,PASS,0.24,PASS,99132,PASS,50.0,PASS,5560082,PASS,5642,284,PASS,8,0,none,Pinned QualiBact scheme for Escherichia coli,115095.0,100.0,0.24,601.0,50.4292,5658541.0,no_of_contigs >600.0; Total_Coding_Sequences >5800.0,Escherichia coli,short,/gpfs3/well/aanensen/users/rva470/speccheck/speccheck/config/criteria.csv,94ca578103ce4fcd06e80c89e7d76ef7f29a6df0799aacfa92c0acd625506607,NO,5,0,NO,qualibact-v1.0,1.3.0
SAMN42764694,PASS,PASS,PASS,PASS,none,Escherichia coli,good,101184,246,5493116,50.4,100.0,0.23,84.3,Escherichia coli,100.0,QualiBact Escherichia coli qualibact-v1.0,1.0,PASS,good,PASS,Escherichia coli,PASS,PASS,PASS,84.3,short,PASS,GCF_003697165.2,1,PASS,Escherichia coli,PASS,100.0,97.4,Escherichia coli,100.0,PASS,PASS,246,PASS,50.4,PASS,317743,101184,PASS,5493116,PASS,PASS,PASS,100.0,PASS,0.23,PASS,101184,PASS,50.0,PASS,5493116,PASS,5516,246,PASS,8,0,none,Pinned QualiBact scheme for Escherichia coli,101161.0,100.0,0.23,503.0,50.4443,5571440.0,none,Escherichia coli,short,/gpfs3/well/aanensen/users/rva470/speccheck/speccheck/config/criteria.csv,94ca578103ce4fcd06e80c89e7d76ef7f29a6df0799aacfa92c0acd625506607,NO,5,0,NO,qualibact-v1.0,1.3.0
SAMN42764697,PASS,PASS,PASS,PASS,none,Escherichia coli,good,163093,150,4887108,50.64,100.0,0.16,48.14,Escherichia coli,100.0,QualiBact Escherichia coli qualibact-v1.0,1.0,PASS,good,PASS,Escherichia coli,PASS,PASS,PASS,48.14,short,PASS,GCF_003697165.2,1,PASS,Escherichia coli,PASS,100.0,97.29,Escherichia coli,100.0,PASS,PASS,150,PASS,50.64,PASS,435272,163093,PASS,4887108,PASS,PASS,PASS,100.0,PASS,0.16,PASS,163093,PASS,51.0,PASS,4887108,PASS,4692,150,PASS,8,0,none,Pinned QualiBact scheme for Escherichia coli,188268.0,100.0,0.59,155.0,50.6543,4955082.0,none,Escherichia coli,short,/gpfs3/well/aanensen/users/rva470/speccheck/speccheck/config/criteria.csv,94ca578103ce4fcd06e80c89e7d76ef7f29a6df0799aacfa92c0acd625506607,NO,5,0,NO,qualibact-v1.0,1.3.0
SAMN42764698,WARN,PASS,WARN,WARN,GC_Content <50.25,Escherichia coli,good,90639,307,5497684,50.22,100.0,0.39,66.54,Escherichia coli,100.0,QualiBact Escherichia coli qualibact-v1.0,1.0,PASS,good,PASS,Escherichia coli,PASS,PASS,PASS,66.54,short,PASS,GCF_003697165.2,1,PASS,Escherichia coli,PASS,100.0,97.33,Escherichia coli,100.0,PASS,PASS,307,PASS,50.22,PASS,203846,90639,PASS,5497684,PASS,PASS,PASS,100.0,PASS,0.39,PASS,90639,PASS,50.0,PASS,5497684,PASS,5594,307,PASS,8,0,GC_Content <50.25,Pinned QualiBact scheme for Escherichia coli,90639.0,100.0,0.35,532.0,50.2482,5580317.0,Total_Coding_Sequences >5800.0; GC_Content <50.25,Escherichia coli,short,/gpfs3/well/aanensen/users/rva470/speccheck/speccheck/config/criteria.csv,94ca578103ce4fcd06e80c89e7d76ef7f29a6df0799aacfa92c0acd625506607,NO,5,0,NO,qualibact-v1.0,1.3.0
SAMN42764699,PASS,PASS,PASS,PASS,none,Escherichia coli,good,165900,135,4921757,50.64,100.0,0.23,37.45,Escherichia coli,100.0,QualiBact Escherichia coli qualibact-v1.0,1.0,PASS,good,PASS,Escherichia coli,PASS,PASS,PASS,37.45,short,PASS,GCF_003697165.2,1,PASS,Escherichia coli,PASS,100.0,97.28,Escherichia coli,100.0,PASS,PASS,135,PASS,50.64,PASS,463633,165900,PASS,4921757,PASS,PASS,PASS,100.0,PASS,0.23,PASS,165900,PASS,51.0,PASS,4921757,PASS,4712,135,PASS,8,0,none,Pinned QualiBact scheme for Escherichia coli,230306.0,100.0,0.62,152.0,50.6581,4950340.0,none,Escherichia coli,short,/gpfs3/well/aanensen/users/rva470/speccheck/speccheck/config/criteria.csv,94ca578103ce4fcd06e80c89e7d76ef7f29a6df0799aacfa92c0acd625506607,NO,5,0,NO,qualibact-v1.0,1.3.0
SAMN42764700,PASS,PASS,PASS,PASS,none,Escherichia coli,good,210905,138,5297478,50.61,100.0,0.18,44.84,Escherichia coli,100.0,QualiBact Escherichia coli qualibact-v1.0,1.0,PASS,good,PASS,Escherichia coli,PASS,PASS,PASS,44.84,short,PASS,GCF_003697165.2,1,PASS,Escherichia coli,PASS,100.0,97.33,Escherichia coli,100.0,PASS,PASS,138,PASS,50.61,PASS,591732,210905,PASS,5297478,PASS,PASS,PASS,100.0,PASS,0.18,PASS,210905,PASS,51.0,PASS,5297478,PASS,5149,138,PASS,8,0,none,Pinned QualiBact scheme for Escherichia coli,240889.0,100.0,0.2,205.0,50.6328,5331484.0,none,Escherichia coli,short,/gpfs3/well/aanensen/users/rva470/speccheck/speccheck/config/criteria.csv,94ca578103ce4fcd06e80c89e7d76ef7f29a6df0799aacfa92c0acd625506607,NO,5,0,NO,qualibact-v1.0,1.3.0
SAMN42764701,WARN,PASS,WARN,PASS,GC_Content <50.25,Escherichia coli,good,130515,197,5461046,50.23,100.0,0.55,59.79,Escherichia coli,100.0,QualiBact Escherichia coli qualibact-v1.0,1.0,PASS,good,PASS,Escherichia coli,PASS,PASS,PASS,59.79,short,PASS,GCF_003697165.2,1,PASS,Escherichia coli,PASS,100.0,97.3,Escherichia coli,100.0,PASS,PASS,197,PASS,50.23,PASS,480010,130515,PASS,5461046,PASS,PASS,PASS,100.0,PASS,0.55,PASS,130515,PASS,50.0,PASS,5461046,PASS,5344,197,PASS,8,0,GC_Content <50.25,Pinned QualiBact scheme for Escherichia coli,114117.0,100.0,0.46,283.0,50.2507,5493429.0,none,Escherichia coli,short,/gpfs3/well/aanensen/users/rva470/speccheck/speccheck/config/criteria.csv,94ca578103ce4fcd06e80c89e7d76ef7f29a6df0799aacfa92c0acd625506607,NO,5,0,NO,qualibact-v1.0,1.3.0
SAMN42764702,PASS,PASS,PASS,PASS,none,Escherichia coli,good,276532,89,4809569,50.63,100.0,0.71,56.27,Escherichia coli,100.0,QualiBact Escherichia coli qualibact-v1.0,1.0,PASS,good,PASS,Escherichia coli,PASS,PASS,PASS,56.27,short,PASS,GCF_003697165.2,1,PASS,Escherichia coli,PASS,100.0,97.26,Escherichia coli,100.0,PASS,PASS,89,PASS,50.63,PASS,554531,276532,PASS,4809569,PASS,PASS,PASS,100.0,PASS,0.71,PASS,276532,PASS,51.0,PASS,4809569,PASS,4545,89,PASS,8,0,none,Pinned QualiBact scheme for Escherichia coli,259403.0,100.0,0.79,109.0,50.6445,4825599.0,none,Escherichia coli,short,/gpfs3/well/aanensen/users/rva470/speccheck/speccheck/config/criteria.csv,94ca578103ce4fcd06e80c89e7d76ef7f29a6df0799aacfa92c0acd625506607,NO,5,0,NO,qualibact-v1.0,1.3.0
SAMN42764703,WARN,PASS,WARN,PASS,GC_Content <50.25,Escherichia coli,good,115531,201,5458302,50.23,100.0,0.14,69.15,Escherichia coli,100.0,QualiBact Escherichia coli qualibact-v1.0,1.0,PASS,good,PASS,Escherichia coli,PASS,PASS,PASS,69.15,short,PASS,GCF_003697165.2,1,PASS,Escherichia coli,PASS,100.0,97.3,Escherichia coli,100.0,PASS,PASS,201,PASS,50.23,PASS,484179,115531,PASS,5458302,PASS,PASS,PASS,100.0,PASS,0.14,PASS,115531,PASS,50.0,PASS,5458302,PASS,5349,201,PASS,8,0,GC_Content <50.25,Pinned QualiBact scheme for Escherichia coli,130515.0,100.0,0.44,300.0,50.2517,5496069.0,none,Escherichia coli,short,/gpfs3/well/aanensen/users/rva470/speccheck/speccheck/config/criteria.csv,94ca578103ce4fcd06e80c89e7d76ef7f29a6df0799aacfa92c0acd625506607,NO,5,0,NO,qualibact-v1.0,1.3.0
SAMN42764704,PASS,PASS,PASS,FAIL,none,Escherichia coli,good,78617,374,5573641,50.37,100.0,0.37,45.68,Escherichia coli,100.0,QualiBact Escherichia coli qualibact-v1.0,1.0,PASS,good,PASS,Escherichia coli,PASS,PASS,PASS,45.68,short,PASS,GCF_003697165.2,1,PASS,Escherichia coli,PASS,100.0,97.4,Escherichia coli,100.0,PASS,PASS,374,PASS,50.37,PASS,291293,78617,PASS,5573641,PASS,PASS,PASS,100.0,PASS,0.37,PASS,78617,PASS,50.0,PASS,5573641,PASS,5721,374,PASS,8,0,none,Pinned QualiBact scheme for Escherichia coli,107916.0,100.0,0.33,675.0,50.4458,5700804.0,no_of_contigs >670.0; Total_Coding_Sequences >5800.0; Genome_Size >5700000.0,Escherichia coli,short,/gpfs3/well/aanensen/users/rva470/speccheck/speccheck/config/criteria.csv,94ca578103ce4fcd06e80c89e7d76ef7f29a6df0799aacfa92c0acd625506607,NO,5,0,NO,qualibact-v1.0,1.3.0
SAMN42764705,PASS,PASS,PASS,PASS,none,Escherichia coli,good,144363,211,5290064,50.48,100.0,0.26,40.89,Escherichia coli,100.0,QualiBact Escherichia coli qualibact-v1.0,1.0,PASS,good,PASS,Escherichia coli,PASS,PASS,PASS,40.89,short,PASS,GCF_003697165.2,1,PASS,Escherichia coli,PASS,100.0,97.32,Escherichia coli,100.0,PASS,PASS,211,PASS,50.48,PASS,337655,144363,PASS,5290064,PASS,PASS,PASS,100.0,PASS,0.26,PASS,144363,PASS,50.0,PASS,5290064,PASS,5179,211,PASS,8,0,none,Pinned QualiBact scheme for Escherichia coli,141363.0,100.0,0.19,358.0,50.5117,5344105.0,none,Escherichia coli,short,/gpfs3/well/aanensen/users/rva470/speccheck/speccheck/config/criteria.csv,94ca578103ce4fcd06e80c89e7d76ef7f29a6df0799aacfa92c0acd625506607,NO,5,0,NO,qualibact-v1.0,1.3.0
SAMN42764706,PASS,PASS,PASS,WARN,none,Escherichia coli,good,112461,304,5575799,50.38,100.0,0.33,65.49,Escherichia coli,100.0,QualiBact Escherichia coli qualibact-v1.0,1.0,PASS,good,PASS,Escherichia coli,PASS,PASS,PASS,65.49,short,PASS,GCF_003697165.2,1,PASS,Escherichia coli,PASS,100.0,97.41,Escherichia coli,100.0,PASS,PASS,304,PASS,50.38,PASS,288131,112461,PASS,5575799,PASS,PASS,PASS,100.0,PASS,0.33,PASS,112461,PASS,50.0,PASS,5575799,PASS,5677,304,PASS,8,0,none,Pinned QualiBact scheme for Escherichia coli,114262.0,100.0,0.31,665.0,50.4387,5695351.0,no_of_contigs >600.0; Total_Coding_Sequences >5800.0,Escherichia coli,short,/gpfs3/well/aanensen/users/rva470/speccheck/speccheck/config/criteria.csv,94ca578103ce4fcd06e80c89e7d76ef7f29a6df0799aacfa92c0acd625506607,NO,5,0,NO,qualibact-v1.0,1.3.0
SAMN42764707,PASS,PASS,PASS,PASS,none,Escherichia coli,good,117831,222,5317485,50.58,100.0,0.28,47.66,Escherichia coli,100.0,QualiBact Escherichia coli qualibact-v1.0,1.0,PASS,good,PASS,Escherichia coli,PASS,PASS,PASS,47.66,short,PASS,GCF_003697165.2,1,PASS,Escherichia coli,PASS,100.0,97.35,Escherichia coli,100.0,PASS,PASS,222,PASS,50.58,PASS,260515,117831,PASS,5317485,PASS,PASS,PASS,100.0,PASS,0.28,PASS,117831,PASS,51.0,PASS,5317485,PASS,5276,222,PASS,8,0,none,Pinned QualiBact scheme for Escherichia coli,135053.0,100.0,0.32,431.0,50.6129,5389851.0,none,Escherichia coli,short,/gpfs3/well/aanensen/users/rva470/speccheck/speccheck/config/criteria.csv,94ca578103ce4fcd06e80c89e7d76ef7f29a6df0799aacfa92c0acd625506607,NO,5,0,NO,qualibact-v1.0,1.3.0
SAMN42764708,PASS,PASS,PASS,PASS,none,Escherichia coli,good,120582,309,5421744,50.37,100.0,0.27,46.5,Escherichia coli,100.0,QualiBact Escherichia coli qualibact-v1.0,1.0,PASS,good,PASS,Escherichia coli,PASS,PASS,PASS,46.5,short,PASS,GCF_003697165.2,1,PASS,Escherichia coli,PASS,100.0,97.39,Escherichia coli,100.0,PASS,PASS,309,PASS,50.37,PASS,286580,120582,PASS,5421744,PASS,PASS,PASS,100.0,PASS,0.27,PASS,120582,PASS,50.0,PASS,5421744,PASS,5474,309,PASS,8,0,none,Pinned QualiBact scheme for Escherichia coli,120536.0,100.0,0.35,584.0,50.4313,5544797.0,none,Escherichia coli,short,/gpfs3/well/aanensen/users/rva470/speccheck/speccheck/config/criteria.csv,94ca578103ce4fcd06e80c89e7d76ef7f29a6df0799aacfa92c0acd625506607,NO,5,0,NO,qualibact-v1.0,1.3.0
SAMN42764709,PASS,PASS,PASS,WARN,none,Escherichia coli,good,107917,317,5576464,50.38,100.0,0.33,66.89,Escherichia coli,100.0,QualiBact Escherichia coli qualibact-v1.0,1.0,PASS,good,PASS,Escherichia coli,PASS,PASS,PASS,66.89,short,PASS,GCF_003697165.2,1,PASS,Escherichia coli,PASS,100.0,97.42,Escherichia coli,100.0,PASS,PASS,317,PASS,50.38,PASS,289184,107917,PASS,5576464,PASS,PASS,PASS,100.0,PASS,0.33,PASS,107917,PASS,50.0,PASS,5576464,PASS,5694,317,PASS,8,0,none,Pinned QualiBact scheme for Escherichia coli,115086.0,100.0,0.34,660.0,50.4426,5698775.0,no_of_contigs >600.0; Total_Coding_Sequences >5800.0,Escherichia coli,short,/gpfs3/well/aanensen/users/rva470/speccheck/speccheck/config/criteria.csv,94ca578103ce4fcd06e80c89e7d76ef7f29a6df0799aacfa92c0acd625506607,NO,5,0,NO,qualibact-v1.0,1.3.0
SAMN42765271,PASS,PASS,PASS,PASS,none,Escherichia coli,good,155496,71,4812943,50.58,100.0,0.01,124.49,Escherichia coli,100.0,QualiBact Escherichia coli qualibact-v1.0,1.0,PASS,good,PASS,Escherichia coli,PASS,PASS,PASS,124.49,short,PASS,GCF_003697165.2,1,PASS,Escherichia coli,PASS,100.0,97.37,Escherichia coli,100.0,PASS,PASS,71,PASS,50.58,PASS,435455,155496,PASS,4812943,PASS,PASS,PASS,100.0,PASS,0.01,PASS,155496,PASS,51.0,PASS,4812943,PASS,4383,71,PASS,8,0,none,Pinned QualiBact scheme for Escherichia coli,162699.0,100.0,0.01,107.0,50.5923,4828176.0,none,Escherichia coli,short,/gpfs3/well/aanensen/users/rva470/speccheck/speccheck/config/criteria.csv,94ca578103ce4fcd06e80c89e7d76ef7f29a6df0799aacfa92c0acd625506607,NO,5,0,NO,qualibact-v1.0,1.3.0
SAMN42765982,PASS,PASS,PASS,FAIL,none,Escherichia coli,good,126621,302,5625334,50.51,100.0,0.38,50.19,Escherichia coli,100.0,QualiBact Escherichia coli qualibact-v1.0,1.0,PASS,good,PASS,Escherichia coli,PASS,PASS,PASS,50.19,short,PASS,GCF_003697165.2,1,PASS,Escherichia coli,PASS,100.0,97.38,Escherichia coli,100.0,PASS,PASS,302,PASS,50.51,PASS,312337,126621,PASS,5625334,PASS,PASS,PASS,100.0,PASS,0.38,PASS,126621,PASS,51.0,PASS,5625334,PASS,5715,302,PASS,8,0,none,Pinned QualiBact scheme for Escherichia coli,126621.0,100.0,0.4,679.0,50.5585,5738641.0,no_of_contigs >670.0; Total_Coding_Sequences >5800.0; Genome_Size >5700000.0,Escherichia coli,short,/gpfs3/well/aanensen/users/rva470/speccheck/speccheck/config/criteria.csv,94ca578103ce4fcd06e80c89e7d76ef7f29a6df0799aacfa92c0acd625506607,NO,5,0,NO,qualibact-v1.0,1.3.0
SAMN42765983,PASS,PASS,PASS,PASS,none,Escherichia coli,good,185085,82,5000691,50.65,100.0,0.08,55.59,Escherichia coli,100.0,QualiBact Escherichia coli qualibact-v1.0,1.0,PASS,good,PASS,Escherichia coli,PASS,PASS,PASS,55.59,short,PASS,GCF_003697165.2,1,PASS,Escherichia coli,PASS,100.0,97.27,Escherichia coli,100.0,PASS,PASS,82,PASS,50.65,PASS,483520,185085,PASS,5000691,PASS,PASS,PASS,100.0,PASS,0.08,PASS,185085,PASS,51.0,PASS,5000691,PASS,4777,82,PASS,8,0,none,Pinned QualiBact scheme for Escherichia coli,185085.0,100.0,0.08,154.0,50.6675,5023858.0,none,Escherichia coli,short,/gpfs3/well/aanensen/users/rva470/speccheck/speccheck/config/criteria.csv,94ca578103ce4fcd06e80c89e7d76ef7f29a6df0799aacfa92c0acd625506607,NO,5,0,NO,qualibact-v1.0,1.3.0
SAMN42765984,PASS,PASS,PASS,PASS,none,Escherichia coli,good,104197,208,5397941,50.25,100.0,0.37,44.43,Escherichia coli,100.0,QualiBact Escherichia coli qualibact-v1.0,1.0,PASS,good,PASS,Escherichia coli,PASS,PASS,PASS,44.43,short,PASS,GCF_003697165.2,1,PASS,Escherichia coli,PASS,100.0,97.29,Escherichia coli,100.0,PASS,PASS,208,PASS,50.25,PASS,363009,104197,PASS,5397941,PASS,PASS,PASS,100.0,PASS,0.37,PASS,104197,PASS,50.0,PASS,5397941,PASS,5446,208,PASS,8,0,none,Pinned QualiBact scheme for Escherichia coli,104197.0,100.0,0.37,463.0,50.274,5476493.0,none,Escherichia coli,short,/gpfs3/well/aanensen/users/rva470/speccheck/speccheck/config/criteria.csv,94ca578103ce4fcd06e80c89e7d76ef7f29a6df0799aacfa92c0acd625506607,NO,5,0,NO,qualibact-v1.0,1.3.0
SAMN42765985,PASS,PASS,PASS,PASS,none,Escherichia coli,good,134860,218,5186332,50.47,100.0,0.11,39.26,Escherichia coli,100.0,QualiBact Escherichia coli qualibact-v1.0,1.0,PASS,good,PASS,Escherichia coli,PASS,PASS,PASS,39.26,short,PASS,GCF_003697165.2,1,PASS,Escherichia coli,PASS,100.0,97.33,Escherichia coli,100.0,PASS,PASS,218,PASS,50.47,PASS,435066,134860,PASS,5186332,PASS,PASS,PASS,100.0,PASS,0.11,PASS,134860,PASS,50.0,PASS,5186332,PASS,5120,218,PASS,8,0,none,Pinned QualiBact scheme for Escherichia coli,124127.0,100.0,0.09,402.0,50.4797,5241634.0,none,Escherichia coli,short,/gpfs3/well/aanensen/users/rva470/speccheck/speccheck/config/criteria.csv,94ca578103ce4fcd06e80c89e7d76ef7f29a6df0799aacfa92c0acd625506607,NO,5,0,NO,qualibact-v1.0,1.3.0
SAMN42765986,PASS,PASS,PASS,PASS,none,Escherichia coli,good,132300,227,5253972,50.57,100.0,0.45,27.17,Escherichia coli,100.0,QualiBact Escherichia coli qualibact-v1.0,1.0,PASS,good,PASS,Escherichia coli,PASS,PASS,PASS,27.17,short,PASS,GCF_003697165.2,1,PASS,Escherichia coli,PASS,100.0,97.35,Escherichia coli,100.0,PASS,PASS,227,PASS,50.57,PASS,349328,132300,PASS,5253972,PASS,PASS,PASS,100.0,PASS,0.45,PASS,132300,PASS,51.0,PASS,5253972,PASS,5221,227,PASS,8,0,none,Pinned QualiBact scheme for Escherichia coli,126235.0,100.0,0.42,407.0,50.5907,5308166.0,none,Escherichia coli,short,/gpfs3/well/aanensen/users/rva470/speccheck/speccheck/config/criteria.csv,94ca578103ce4fcd06e80c89e7d76ef7f29a6df0799aacfa92c0acd625506607,NO,5,0,NO,qualibact-v1.0,1.3.0
SAMN42766884,PASS,PASS,PASS,PASS,none,Escherichia coli,good,102449,92,4842950,50.47,100.0,0.13,38.3,Escherichia coli,100.0,QualiBact Escherichia coli qualibact-v1.0,1.0,PASS,good,PASS,Escherichia coli,PASS,PASS,PASS,38.3,short,PASS,GCF_003697165.2,1,PASS,Escherichia coli,PASS,100.0,97.31,Escherichia coli,100.0,PASS,PASS,92,PASS,50.47,PASS,308969,102449,PASS,4842950,PASS,PASS,PASS,100.0,PASS,0.13,PASS,102449,PASS,50.0,PASS,4842950,PASS,4542,92,PASS,8,0,none,Pinned QualiBact scheme for Escherichia coli,102449.0,100.0,0.1,135.0,50.4715,4850843.0,none,Escherichia coli,short,/gpfs3/well/aanensen/users/rva470/speccheck/speccheck/config/criteria.csv,94ca578103ce4fcd06e80c89e7d76ef7f29a6df0799aacfa92c0acd625506607,NO,5,0,NO,qualibact-v1.0,1.3.0
SAMN42766885,PASS,PASS,PASS,PASS,none,Escherichia coli,good,119508,121,5023793,50.41,100.0,0.21,35.66,Escherichia coli,100.0,QualiBact Escherichia coli qualibact-v1.0,1.0,PASS,good,PASS,Escherichia coli,PASS,PASS,PASS,35.66,short,PASS,GCF_003697165.2,1,PASS,Escherichia coli,PASS,100.0,97.25,Escherichia coli,100.0,PASS,PASS,121,PASS,50.41,PASS,684542,119508,PASS,5023793,PASS,PASS,PASS,100.0,PASS,0.21,PASS,119508,PASS,50.0,PASS,5023793,PASS,4800,121,PASS,8,0,none,Pinned QualiBact scheme for Escherichia coli,120461.0,100.0,0.21,184.0,50.4198,5043262.0,none,Escherichia coli,short,/gpfs3/well/aanensen/users/rva470/speccheck/speccheck/config/criteria.csv,94ca578103ce4fcd06e80c89e7d76ef7f29a6df0799aacfa92c0acd625506607,NO,5,0,NO,qualibact-v1.0,1.3.0
SAMN42766886,PASS,PASS,PASS,PASS,none,Escherichia coli,good,160407,109,5251580,50.69,100.0,0.18,22.96,Escherichia coli,100.0,QualiBact Escherichia coli qualibact-v1.0,1.0,PASS,good,PASS,Escherichia coli,PASS,PASS,PASS,22.96,short,PASS,GCF_003697165.2,1,PASS,Escherichia coli,PASS,100.0,98.15,Escherichia coli,100.0,PASS,PASS,109,PASS,50.69,PASS,354905,160407,PASS,5251580,PASS,PASS,PASS,100.0,PASS,0.18,PASS,160407,PASS,51.0,PASS,5251580,PASS,5006,109,PASS,8,0,none,Pinned QualiBact scheme for Escherichia coli,172285.0,100.0,0.5,159.0,50.6951,5269811.0,none,Escherichia coli,short,/gpfs3/well/aanensen/users/rva470/speccheck/speccheck/config/criteria.csv,94ca578103ce4fcd06e80c89e7d76ef7f29a6df0799aacfa92c0acd625506607,NO,5,0,NO,qualibact-v1.0,1.3.0
SAMN42766887,FAIL,FAIL,PASS,PASS,Speciator.genusName; Speciator.speciesName,Shigella dysenteriae,good,103730,125,5045016,50.27,100.0,1.06,44.68,Escherichia coli,100.0,QualiBact Escherichia coli qualibact-v1.0,1.0,FAIL,good,PASS,Shigella dysenteriae,FAIL,FAIL,PASS,44.68,short,PASS,GCF_003697165.2,1,PASS,Escherichia coli,PASS,100.0,97.34,Escherichia coli,100.0,PASS,PASS,125,PASS,50.27,PASS,433690,103730,PASS,5045016,PASS,PASS,PASS,100.0,PASS,1.06,PASS,103730,PASS,50.0,PASS,5045016,PASS,4845,125,PASS,8,0,none,Pinned QualiBact scheme for Escherichia coli (applied to Shigella dysenteriae),123055.0,100.0,1.06,154.0,50.2734,5057626.0,none,Escherichia coli,short,/gpfs3/well/aanensen/users/rva470/speccheck/speccheck/config/criteria.csv,94ca578103ce4fcd06e80c89e7d76ef7f29a6df0799aacfa92c0acd625506607,NO,5,0,NO,qualibact-v1.0,1.3.0
SAMN42766888,PASS,PASS,PASS,PASS,none,Escherichia coli,good,210405,91,5103246,50.36,100.0,0.34,56.85,Escherichia coli,100.0,QualiBact Escherichia coli qualibact-v1.0,1.0,PASS,good,PASS,Escherichia coli,PASS,PASS,PASS,56.85,short,PASS,GCF_003697165.2,1,PASS,Escherichia coli,PASS,100.0,97.3,Escherichia coli,100.0,PASS,PASS,91,PASS,50.36,PASS,520012,210405,PASS,5103246,PASS,PASS,PASS,100.0,PASS,0.34,PASS,210405,PASS,50.0,PASS,5103246,PASS,4827,91,PASS,8,0,none,Pinned QualiBact scheme for Escherichia coli,210405.0,100.0,0.34,145.0,50.3694,5121815.0,none,Escherichia coli,short,/gpfs3/well/aanensen/users/rva470/speccheck/speccheck/config/criteria.csv,94ca578103ce4fcd06e80c89e7d76ef7f29a6df0799aacfa92c0acd625506607,NO,5,0,NO,qualibact-v1.0,1.3.0
SAMN42766889,PASS,PASS,PASS,PASS,none,Escherichia coli,good,262999,41,4715477,50.62,100.0,0.21,38.41,Escherichia coli,100.0,QualiBact Escherichia coli qualibact-v1.0,1.0,PASS,good,PASS,Escherichia coli,PASS,PASS,PASS,38.41,short,PASS,GCF_003697165.2,1,PASS,Escherichia coli,PASS,100.0,97.24,Escherichia coli,100.0,PASS,PASS,41,PASS,50.62,PASS,789436,262999,PASS,4715477,PASS,PASS,PASS,100.0,PASS,0.21,PASS,262999,PASS,51.0,PASS,4715477,PASS,4407,41,PASS,8,0,none,Pinned QualiBact scheme for Escherichia coli,280196.0,100.0,0.24,71.0,50.6336,4725889.0,none,Escherichia coli,short,/gpfs3/well/aanensen/users/rva470/speccheck/speccheck/config/criteria.csv,94ca578103ce4fcd06e80c89e7d76ef7f29a6df0799aacfa92c0acd625506607,NO,5,0,NO,qualibact-v1.0,1.3.0
SAMN42766890,PASS,PASS,PASS,PASS,none,Escherichia coli,good,255498,63,5116752,50.39,100.0,0.72,46.38,Escherichia coli,100.0,QualiBact Escherichia coli qualibact-v1.0,1.0,PASS,good,PASS,Escherichia coli,PASS,PASS,PASS,46.38,short,PASS,GCF_003697165.2,1,PASS,Escherichia coli,PASS,100.0,97.41,Escherichia coli,100.0,PASS,PASS,63,PASS,50.39,PASS,645148,255498,PASS,5116752,PASS,PASS,PASS,100.0,PASS,0.72,PASS,255498,PASS,50.0,PASS,5116752,PASS,4794,63,PASS,8,0,none,Pinned QualiBact scheme for Escherichia coli,269420.0,100.0,0.72,93.0,50.4032,5130009.0,none,Escherichia coli,short,/gpfs3/well/aanensen/users/rva470/speccheck/speccheck/config/criteria.csv,94ca578103ce4fcd06e80c89e7d76ef7f29a6df0799aacfa92c0acd625506607,NO,5,0,NO,qualibact-v1.0,1.3.0
