species,scheme,threshold_source,source_url,retrieved_at,fallback_used
Achromobacter xylosoxidans,qualibact-v1.1,QualiBact Achromobacter xylosoxidans qualibact-v1.1,https://raw.githubusercontent.com/cgps-group/qualibact/52ce95333b12510cacad83bd05d3397c467a6b7b/public/api/v2/thresholds.csv,2026-08-13T09:40:10.698523+00:00,False
Acinetobacter baumannii,qualibact-v1.0,QualiBact Acinetobacter baumannii qualibact-v1.0,https://raw.githubusercontent.com/cgps-group/qualibact/52ce95333b12510cacad83bd05d3397c467a6b7b/public/api/v2/thresholds.csv,2026-08-13T09:40:10.698523+00:00,False
Acinetobacter baylyi,qualibact-v1.0,QualiBact Acinetobacter baylyi qualibact-v1.0,https://raw.githubusercontent.com/cgps-group/qualibact/52ce95333b12510cacad83bd05d3397c467a6b7b/public/api/v2/thresholds.csv,2026-08-13T09:40:10.698523+00:00,False
Acinetobacter johnsonii,qualibact-v1.0,QualiBact Acinetobacter johnsonii qualibact-v1.0,https://raw.githubusercontent.com/cgps-group/qualibact/52ce95333b12510cacad83bd05d3397c467a6b7b/public/api/v2/thresholds.csv,2026-08-13T09:40:10.698523+00:00,False
Acinetobacter nosocomialis,qualibact-v1.0,QualiBact Acinetobacter nosocomialis qualibact-v1.0,https://raw.githubusercontent.com/cgps-group/qualibact/52ce95333b12510cacad83bd05d3397c467a6b7b/public/api/v2/thresholds.csv,2026-08-13T09:40:10.698523+00:00,False
Acinetobacter pittii,qualibact-v1.0,QualiBact Acinetobacter pittii qualibact-v1.0,https://raw.githubusercontent.com/cgps-group/qualibact/52ce95333b12510cacad83bd05d3397c467a6b7b/public/api/v2/thresholds.csv,2026-08-13T09:40:10.698523+00:00,False
Acinetobacter radioresistens,qualibact-v1.0,QualiBact Acinetobacter radioresistens qualibact-v1.0,https://raw.githubusercontent.com/cgps-group/qualibact/52ce95333b12510cacad83bd05d3397c467a6b7b/public/api/v2/thresholds.csv,2026-08-13T09:40:10.698523+00:00,False
Acinetobacter ursingii,qualibact-v1.0,QualiBact Acinetobacter ursingii qualibact-v1.0,https://raw.githubusercontent.com/cgps-group/qualibact/52ce95333b12510cacad83bd05d3397c467a6b7b/public/api/v2/thresholds.csv,2026-08-13T09:40:10.698523+00:00,False
Actinobacillus lignieresii,qualibact-v1.0,QualiBact Actinobacillus lignieresii qualibact-v1.0,https://raw.githubusercontent.com/cgps-group/qualibact/52ce95333b12510cacad83bd05d3397c467a6b7b/public/api/v2/thresholds.csv,2026-08-13T09:40:10.698523+00:00,False
Aerococcus urinae,qualibact-v1.0,QualiBact Aerococcus urinae qualibact-v1.0,https://raw.githubusercontent.com/cgps-group/qualibact/52ce95333b12510cacad83bd05d3397c467a6b7b/public/api/v2/thresholds.csv,2026-08-13T09:40:10.698523+00:00,False
Aeromonas caviae,qualibact-v1.0,QualiBact Aeromonas caviae qualibact-v1.0,https://raw.githubusercontent.com/cgps-group/qualibact/52ce95333b12510cacad83bd05d3397c467a6b7b/public/api/v2/thresholds.csv,2026-08-13T09:40:10.698523+00:00,False
Aeromonas dhakensis,qualibact-v1.0,QualiBact Aeromonas dhakensis qualibact-v1.0,https://raw.githubusercontent.com/cgps-group/qualibact/52ce95333b12510cacad83bd05d3397c467a6b7b/public/api/v2/thresholds.csv,2026-08-13T09:40:10.698523+00:00,False
Aeromonas hydrophila,qualibact-v1.0,QualiBact Aeromonas hydrophila qualibact-v1.0,https://raw.githubusercontent.com/cgps-group/qualibact/52ce95333b12510cacad83bd05d3397c467a6b7b/public/api/v2/thresholds.csv,2026-08-13T09:40:10.698523+00:00,False
Aeromonas salmonicida,qualibact-v1.0,QualiBact Aeromonas salmonicida qualibact-v1.0,https://raw.githubusercontent.com/cgps-group/qualibact/52ce95333b12510cacad83bd05d3397c467a6b7b/public/api/v2/thresholds.csv,2026-08-13T09:40:10.698523+00:00,False
Aeromonas veronii,qualibact-v1.0,QualiBact Aeromonas veronii qualibact-v1.0,https://raw.githubusercontent.com/cgps-group/qualibact/52ce95333b12510cacad83bd05d3397c467a6b7b/public/api/v2/thresholds.csv,2026-08-13T09:40:10.698523+00:00,False
Agrobacterium fabacearum,qualibact-v1.0,QualiBact Agrobacterium fabacearum qualibact-v1.0,https://raw.githubusercontent.com/cgps-group/qualibact/52ce95333b12510cacad83bd05d3397c467a6b7b/public/api/v2/thresholds.csv,2026-08-13T09:40:10.698523+00:00,False
Agrobacterium pusense,qualibact-v1.0,QualiBact Agrobacterium pusense qualibact-v1.0,https://raw.githubusercontent.com/cgps-group/qualibact/52ce95333b12510cacad83bd05d3397c467a6b7b/public/api/v2/thresholds.csv,2026-08-13T09:40:10.698523+00:00,False
Agrobacterium tumefaciens,qualibact-v1.0,QualiBact Agrobacterium tumefaciens qualibact-v1.0,https://raw.githubusercontent.com/cgps-group/qualibact/52ce95333b12510cacad83bd05d3397c467a6b7b/public/api/v2/thresholds.csv,2026-08-13T09:40:10.698523+00:00,False
Aliarcobacter butzleri,qualibact-v1.0,QualiBact Aliarcobacter butzleri qualibact-v1.0,https://raw.githubusercontent.com/cgps-group/qualibact/52ce95333b12510cacad83bd05d3397c467a6b7b/public/api/v2/thresholds.csv,2026-08-13T09:40:10.698523+00:00,False
Aliivibrio fischeri,qualibact-v1.0,QualiBact Aliivibrio fischeri qualibact-v1.0,https://raw.githubusercontent.com/cgps-group/qualibact/52ce95333b12510cacad83bd05d3397c467a6b7b/public/api/v2/thresholds.csv,2026-08-13T09:40:10.698523+00:00,False
Alistipes onderdonkii,qualibact-v1.0,QualiBact Alistipes onderdonkii qualibact-v1.0,https://raw.githubusercontent.com/cgps-group/qualibact/52ce95333b12510cacad83bd05d3397c467a6b7b/public/api/v2/thresholds.csv,2026-08-13T09:40:10.698523+00:00,False
Bacillus altitudinis,qualibact-v1.0,QualiBact Bacillus altitudinis qualibact-v1.0,https://raw.githubusercontent.com/cgps-group/qualibact/52ce95333b12510cacad83bd05d3397c467a6b7b/public/api/v2/thresholds.csv,2026-08-13T09:40:10.698523+00:00,False
Bacillus anthracis,qualibact-v1.0,QualiBact Bacillus anthracis qualibact-v1.0,https://raw.githubusercontent.com/cgps-group/qualibact/52ce95333b12510cacad83bd05d3397c467a6b7b/public/api/v2/thresholds.csv,2026-08-13T09:40:10.698523+00:00,False
Bacillus bombysepticus,qualibact-v1.0,QualiBact Bacillus bombysepticus qualibact-v1.0,https://raw.githubusercontent.com/cgps-group/qualibact/52ce95333b12510cacad83bd05d3397c467a6b7b/public/api/v2/thresholds.csv,2026-08-13T09:40:10.698523+00:00,False
Bacillus cereus,qualibact-v1.0,QualiBact Bacillus cereus qualibact-v1.0,https://raw.githubusercontent.com/cgps-group/qualibact/52ce95333b12510cacad83bd05d3397c467a6b7b/public/api/v2/thresholds.csv,2026-08-13T09:40:10.698523+00:00,False
Bacillus licheniformis,qualibact-v1.0,QualiBact Bacillus licheniformis qualibact-v1.0,https://raw.githubusercontent.com/cgps-group/qualibact/52ce95333b12510cacad83bd05d3397c467a6b7b/public/api/v2/thresholds.csv,2026-08-13T09:40:10.698523+00:00,False
Bacillus mobilis,qualibact-v1.0,QualiBact Bacillus mobilis qualibact-v1.0,https://raw.githubusercontent.com/cgps-group/qualibact/52ce95333b12510cacad83bd05d3397c467a6b7b/public/api/v2/thresholds.csv,2026-08-13T09:40:10.698523+00:00,False
Bacillus mycoides,qualibact-v1.0,QualiBact Bacillus mycoides qualibact-v1.0,https://raw.githubusercontent.com/cgps-group/qualibact/52ce95333b12510cacad83bd05d3397c467a6b7b/public/api/v2/thresholds.csv,2026-08-13T09:40:10.698523+00:00,False
Bacillus paralicheniformis,qualibact-v1.0,QualiBact Bacillus paralicheniformis qualibact-v1.0,https://raw.githubusercontent.com/cgps-group/qualibact/52ce95333b12510cacad83bd05d3397c467a6b7b/public/api/v2/thresholds.csv,2026-08-13T09:40:10.698523+00:00,False
Bacillus paranthracis,qualibact-v1.0,QualiBact Bacillus paranthracis qualibact-v1.0,https://raw.githubusercontent.com/cgps-group/qualibact/52ce95333b12510cacad83bd05d3397c467a6b7b/public/api/v2/thresholds.csv,2026-08-13T09:40:10.698523+00:00,False
Bacillus pumilus,qualibact-v1.0,QualiBact Bacillus pumilus qualibact-v1.0,https://raw.githubusercontent.com/cgps-group/qualibact/52ce95333b12510cacad83bd05d3397c467a6b7b/public/api/v2/thresholds.csv,2026-08-13T09:40:10.698523+00:00,False
Bacillus safensis,qualibact-v1.0,QualiBact Bacillus safensis qualibact-v1.0,https://raw.githubusercontent.com/cgps-group/qualibact/52ce95333b12510cacad83bd05d3397c467a6b7b/public/api/v2/thresholds.csv,2026-08-13T09:40:10.698523+00:00,False
Bacillus spizizenii,qualibact-v1.0,QualiBact Bacillus spizizenii qualibact-v1.0,https://raw.githubusercontent.com/cgps-group/qualibact/52ce95333b12510cacad83bd05d3397c467a6b7b/public/api/v2/thresholds.csv,2026-08-13T09:40:10.698523+00:00,False
Bacillus subtilis,qualibact-v1.0,QualiBact Bacillus subtilis qualibact-v1.0,https://raw.githubusercontent.com/cgps-group/qualibact/52ce95333b12510cacad83bd05d3397c467a6b7b/public/api/v2/thresholds.csv,2026-08-13T09:40:10.698523+00:00,False
Bacillus thuringiensis,qualibact-v1.0,QualiBact Bacillus thuringiensis qualibact-v1.0,https://raw.githubusercontent.com/cgps-group/qualibact/52ce95333b12510cacad83bd05d3397c467a6b7b/public/api/v2/thresholds.csv,2026-08-13T09:40:10.698523+00:00,False
Bacillus toyonensis,qualibact-v1.0,QualiBact Bacillus toyonensis qualibact-v1.0,https://raw.githubusercontent.com/cgps-group/qualibact/52ce95333b12510cacad83bd05d3397c467a6b7b/public/api/v2/thresholds.csv,2026-08-13T09:40:10.698523+00:00,False
Bacillus velezensis,qualibact-v1.0,QualiBact Bacillus velezensis qualibact-v1.0,https://raw.githubusercontent.com/cgps-group/qualibact/52ce95333b12510cacad83bd05d3397c467a6b7b/public/api/v2/thresholds.csv,2026-08-13T09:40:10.698523+00:00,False
Bacillus wiedmannii,qualibact-v1.0,QualiBact Bacillus wiedmannii qualibact-v1.0,https://raw.githubusercontent.com/cgps-group/qualibact/52ce95333b12510cacad83bd05d3397c467a6b7b/public/api/v2/thresholds.csv,2026-08-13T09:40:10.698523+00:00,False
Bacteroides caccae,qualibact-v1.0,QualiBact Bacteroides caccae qualibact-v1.0,https://raw.githubusercontent.com/cgps-group/qualibact/52ce95333b12510cacad83bd05d3397c467a6b7b/public/api/v2/thresholds.csv,2026-08-13T09:40:10.698523+00:00,False
Bacteroides cellulosilyticus,qualibact-v1.0,QualiBact Bacteroides cellulosilyticus qualibact-v1.0,https://raw.githubusercontent.com/cgps-group/qualibact/52ce95333b12510cacad83bd05d3397c467a6b7b/public/api/v2/thresholds.csv,2026-08-13T09:40:10.698523+00:00,False
Bacteroides fragilis,qualibact-v1.0,QualiBact Bacteroides fragilis qualibact-v1.0,https://raw.githubusercontent.com/cgps-group/qualibact/52ce95333b12510cacad83bd05d3397c467a6b7b/public/api/v2/thresholds.csv,2026-08-13T09:40:10.698523+00:00,False
Bacteroides ovatus,qualibact-v1.0,QualiBact Bacteroides ovatus qualibact-v1.0,https://raw.githubusercontent.com/cgps-group/qualibact/52ce95333b12510cacad83bd05d3397c467a6b7b/public/api/v2/thresholds.csv,2026-08-13T09:40:10.698523+00:00,False
Bacteroides stercoris,qualibact-v1.0,QualiBact Bacteroides stercoris qualibact-v1.0,https://raw.githubusercontent.com/cgps-group/qualibact/52ce95333b12510cacad83bd05d3397c467a6b7b/public/api/v2/thresholds.csv,2026-08-13T09:40:10.698523+00:00,False
Bacteroides thetaiotaomicron,qualibact-v1.0,QualiBact Bacteroides thetaiotaomicron qualibact-v1.0,https://raw.githubusercontent.com/cgps-group/qualibact/52ce95333b12510cacad83bd05d3397c467a6b7b/public/api/v2/thresholds.csv,2026-08-13T09:40:10.698523+00:00,False
Bacteroides uniformis,qualibact-v1.0,QualiBact Bacteroides uniformis qualibact-v1.0,https://raw.githubusercontent.com/cgps-group/qualibact/52ce95333b12510cacad83bd05d3397c467a6b7b/public/api/v2/thresholds.csv,2026-08-13T09:40:10.698523+00:00,False
Bacteroides xylanisolvens,qualibact-v1.0,QualiBact Bacteroides xylanisolvens qualibact-v1.0,https://raw.githubusercontent.com/cgps-group/qualibact/52ce95333b12510cacad83bd05d3397c467a6b7b/public/api/v2/thresholds.csv,2026-08-13T09:40:10.698523+00:00,False
Bartonella krasnovii,qualibact-v1.0,QualiBact Bartonella krasnovii qualibact-v1.0,https://raw.githubusercontent.com/cgps-group/qualibact/52ce95333b12510cacad83bd05d3397c467a6b7b/public/api/v2/thresholds.csv,2026-08-13T09:40:10.698523+00:00,False
Bifidobacterium adolescentis,qualibact-v1.0,QualiBact Bifidobacterium adolescentis qualibact-v1.0,https://raw.githubusercontent.com/cgps-group/qualibact/52ce95333b12510cacad83bd05d3397c467a6b7b/public/api/v2/thresholds.csv,2026-08-13T09:40:10.698523+00:00,False
Bifidobacterium animalis,qualibact-v1.0,QualiBact Bifidobacterium animalis qualibact-v1.0,https://raw.githubusercontent.com/cgps-group/qualibact/52ce95333b12510cacad83bd05d3397c467a6b7b/public/api/v2/thresholds.csv,2026-08-13T09:40:10.698523+00:00,False
Bifidobacterium bifidum,qualibact-v1.0,QualiBact Bifidobacterium bifidum qualibact-v1.0,https://raw.githubusercontent.com/cgps-group/qualibact/52ce95333b12510cacad83bd05d3397c467a6b7b/public/api/v2/thresholds.csv,2026-08-13T09:40:10.698523+00:00,False
Bifidobacterium breve,qualibact-v1.0,QualiBact Bifidobacterium breve qualibact-v1.0,https://raw.githubusercontent.com/cgps-group/qualibact/52ce95333b12510cacad83bd05d3397c467a6b7b/public/api/v2/thresholds.csv,2026-08-13T09:40:10.698523+00:00,False
Bifidobacterium dentium,qualibact-v1.0,QualiBact Bifidobacterium dentium qualibact-v1.0,https://raw.githubusercontent.com/cgps-group/qualibact/52ce95333b12510cacad83bd05d3397c467a6b7b/public/api/v2/thresholds.csv,2026-08-13T09:40:10.698523+00:00,False
Bifidobacterium longum,qualibact-v1.0,QualiBact Bifidobacterium longum qualibact-v1.0,https://raw.githubusercontent.com/cgps-group/qualibact/52ce95333b12510cacad83bd05d3397c467a6b7b/public/api/v2/thresholds.csv,2026-08-13T09:40:10.698523+00:00,False
Bifidobacterium pseudocatenulatum,qualibact-v1.0,QualiBact Bifidobacterium pseudocatenulatum qualibact-v1.0,https://raw.githubusercontent.com/cgps-group/qualibact/52ce95333b12510cacad83bd05d3397c467a6b7b/public/api/v2/thresholds.csv,2026-08-13T09:40:10.698523+00:00,False
Bordetella pertussis,qualibact-v1.0,QualiBact Bordetella pertussis qualibact-v1.0,https://raw.githubusercontent.com/cgps-group/qualibact/52ce95333b12510cacad83bd05d3397c467a6b7b/public/api/v2/thresholds.csv,2026-08-13T09:40:10.698523+00:00,False
Borreliella afzelii,qualibact-v1.0,QualiBact Borreliella afzelii qualibact-v1.0,https://raw.githubusercontent.com/cgps-group/qualibact/52ce95333b12510cacad83bd05d3397c467a6b7b/public/api/v2/thresholds.csv,2026-08-13T09:40:10.698523+00:00,False
Borreliella burgdorferi,qualibact-v1.0,QualiBact Borreliella burgdorferi qualibact-v1.0,https://raw.githubusercontent.com/cgps-group/qualibact/52ce95333b12510cacad83bd05d3397c467a6b7b/public/api/v2/thresholds.csv,2026-08-13T09:40:10.698523+00:00,False
Borreliella garinii,qualibact-v1.0,QualiBact Borreliella garinii qualibact-v1.0,https://raw.githubusercontent.com/cgps-group/qualibact/52ce95333b12510cacad83bd05d3397c467a6b7b/public/api/v2/thresholds.csv,2026-08-13T09:40:10.698523+00:00,False
Brachyspira hyodysenteriae,qualibact-v1.0,QualiBact Brachyspira hyodysenteriae qualibact-v1.0,https://raw.githubusercontent.com/cgps-group/qualibact/52ce95333b12510cacad83bd05d3397c467a6b7b/public/api/v2/thresholds.csv,2026-08-13T09:40:10.698523+00:00,False
Bradyrhizobium diazoefficiens,qualibact-v1.0,QualiBact Bradyrhizobium diazoefficiens qualibact-v1.0,https://raw.githubusercontent.com/cgps-group/qualibact/52ce95333b12510cacad83bd05d3397c467a6b7b/public/api/v2/thresholds.csv,2026-08-13T09:40:10.698523+00:00,False
Brucella melitensis,qualibact-v1.0,QualiBact Brucella melitensis qualibact-v1.0,https://raw.githubusercontent.com/cgps-group/qualibact/52ce95333b12510cacad83bd05d3397c467a6b7b/public/api/v2/thresholds.csv,2026-08-13T09:40:10.698523+00:00,False
Burkholderia cenocepacia,qualibact-v1.0,QualiBact Burkholderia cenocepacia qualibact-v1.0,https://raw.githubusercontent.com/cgps-group/qualibact/52ce95333b12510cacad83bd05d3397c467a6b7b/public/api/v2/thresholds.csv,2026-08-13T09:40:10.698523+00:00,False
Burkholderia cepacia,qualibact-v1.0,QualiBact Burkholderia cepacia qualibact-v1.0,https://raw.githubusercontent.com/cgps-group/qualibact/52ce95333b12510cacad83bd05d3397c467a6b7b/public/api/v2/thresholds.csv,2026-08-13T09:40:10.698523+00:00,False
Burkholderia contaminans,qualibact-v1.0,QualiBact Burkholderia contaminans qualibact-v1.0,https://raw.githubusercontent.com/cgps-group/qualibact/52ce95333b12510cacad83bd05d3397c467a6b7b/public/api/v2/thresholds.csv,2026-08-13T09:40:10.698523+00:00,False
Burkholderia dolosa,qualibact-v1.0,QualiBact Burkholderia dolosa qualibact-v1.0,https://raw.githubusercontent.com/cgps-group/qualibact/52ce95333b12510cacad83bd05d3397c467a6b7b/public/api/v2/thresholds.csv,2026-08-13T09:40:10.698523+00:00,False
Burkholderia gladioli,qualibact-v1.0,QualiBact Burkholderia gladioli qualibact-v1.0,https://raw.githubusercontent.com/cgps-group/qualibact/52ce95333b12510cacad83bd05d3397c467a6b7b/public/api/v2/thresholds.csv,2026-08-13T09:40:10.698523+00:00,False
Burkholderia mallei,qualibact-v1.0,QualiBact Burkholderia mallei qualibact-v1.0,https://raw.githubusercontent.com/cgps-group/qualibact/52ce95333b12510cacad83bd05d3397c467a6b7b/public/api/v2/thresholds.csv,2026-08-13T09:40:10.698523+00:00,False
Burkholderia multivorans,qualibact-v1.0,QualiBact Burkholderia multivorans qualibact-v1.0,https://raw.githubusercontent.com/cgps-group/qualibact/52ce95333b12510cacad83bd05d3397c467a6b7b/public/api/v2/thresholds.csv,2026-08-13T09:40:10.698523+00:00,False
Burkholderia orbicola,qualibact-v1.0,QualiBact Burkholderia orbicola qualibact-v1.0,https://raw.githubusercontent.com/cgps-group/qualibact/52ce95333b12510cacad83bd05d3397c467a6b7b/public/api/v2/thresholds.csv,2026-08-13T09:40:10.698523+00:00,False
Burkholderia seminalis,REFSEQ-QC-v1,QualiBact Burkholderia seminalis REFSEQ-QC-v1,https://raw.githubusercontent.com/cgps-group/qualibact/52ce95333b12510cacad83bd05d3397c467a6b7b/public/api/v2/thresholds.csv,2026-08-13T09:40:10.698523+00:00,False
Burkholderia stagnalis,qualibact-v1.0,QualiBact Burkholderia stagnalis qualibact-v1.0,https://raw.githubusercontent.com/cgps-group/qualibact/52ce95333b12510cacad83bd05d3397c467a6b7b/public/api/v2/thresholds.csv,2026-08-13T09:40:10.698523+00:00,False
Burkholderia ubonensis,qualibact-v1.0,QualiBact Burkholderia ubonensis qualibact-v1.0,https://raw.githubusercontent.com/cgps-group/qualibact/52ce95333b12510cacad83bd05d3397c467a6b7b/public/api/v2/thresholds.csv,2026-08-13T09:40:10.698523+00:00,False
Burkholderia vietnamiensis,qualibact-v1.0,QualiBact Burkholderia vietnamiensis qualibact-v1.0,https://raw.githubusercontent.com/cgps-group/qualibact/52ce95333b12510cacad83bd05d3397c467a6b7b/public/api/v2/thresholds.csv,2026-08-13T09:40:10.698523+00:00,False
Campylobacter coli,qualibact-v1.1,QualiBact Campylobacter coli qualibact-v1.1,https://raw.githubusercontent.com/cgps-group/qualibact/52ce95333b12510cacad83bd05d3397c467a6b7b/public/api/v2/thresholds.csv,2026-08-13T09:40:10.698523+00:00,False
Campylobacter concheus,qualibact-v1.0,QualiBact Campylobacter concheus qualibact-v1.0,https://raw.githubusercontent.com/cgps-group/qualibact/52ce95333b12510cacad83bd05d3397c467a6b7b/public/api/v2/thresholds.csv,2026-08-13T09:40:10.698523+00:00,False
Campylobacter fetus,qualibact-v1.1,QualiBact Campylobacter fetus qualibact-v1.1,https://raw.githubusercontent.com/cgps-group/qualibact/52ce95333b12510cacad83bd05d3397c467a6b7b/public/api/v2/thresholds.csv,2026-08-13T09:40:10.698523+00:00,False
Campylobacter hyointestinalis,qualibact-v1.0,QualiBact Campylobacter hyointestinalis qualibact-v1.0,https://raw.githubusercontent.com/cgps-group/qualibact/52ce95333b12510cacad83bd05d3397c467a6b7b/public/api/v2/thresholds.csv,2026-08-13T09:40:10.698523+00:00,False
Campylobacter jejuni,qualibact-v1.1,QualiBact Campylobacter jejuni qualibact-v1.1,https://raw.githubusercontent.com/cgps-group/qualibact/52ce95333b12510cacad83bd05d3397c467a6b7b/public/api/v2/thresholds.csv,2026-08-13T09:40:10.698523+00:00,False
Campylobacter lari,qualibact-v1.0,QualiBact Campylobacter lari qualibact-v1.0,https://raw.githubusercontent.com/cgps-group/qualibact/52ce95333b12510cacad83bd05d3397c467a6b7b/public/api/v2/thresholds.csv,2026-08-13T09:40:10.698523+00:00,False
Campylobacter upsaliensis,qualibact-v1.0,QualiBact Campylobacter upsaliensis qualibact-v1.0,https://raw.githubusercontent.com/cgps-group/qualibact/52ce95333b12510cacad83bd05d3397c467a6b7b/public/api/v2/thresholds.csv,2026-08-13T09:40:10.698523+00:00,False
Candida auris,REFSEQ-QC-v1,QualiBact Candida auris REFSEQ-QC-v1,https://raw.githubusercontent.com/cgps-group/qualibact/52ce95333b12510cacad83bd05d3397c467a6b7b/public/api/v2/thresholds.csv,2026-08-13T09:40:10.698523+00:00,False
Caulobacter vibrioides,qualibact-v1.0,QualiBact Caulobacter vibrioides qualibact-v1.0,https://raw.githubusercontent.com/cgps-group/qualibact/52ce95333b12510cacad83bd05d3397c467a6b7b/public/api/v2/thresholds.csv,2026-08-13T09:40:10.698523+00:00,False
Chlamydia trachomatis,qualibact-v1.0,QualiBact Chlamydia trachomatis qualibact-v1.0,https://raw.githubusercontent.com/cgps-group/qualibact/52ce95333b12510cacad83bd05d3397c467a6b7b/public/api/v2/thresholds.csv,2026-08-13T09:40:10.698523+00:00,False
Citrobacter amalonaticus,qualibact-v1.0,QualiBact Citrobacter amalonaticus qualibact-v1.0,https://raw.githubusercontent.com/cgps-group/qualibact/52ce95333b12510cacad83bd05d3397c467a6b7b/public/api/v2/thresholds.csv,2026-08-13T09:40:10.698523+00:00,False
Citrobacter braakii,qualibact-v1.0,QualiBact Citrobacter braakii qualibact-v1.0,https://raw.githubusercontent.com/cgps-group/qualibact/52ce95333b12510cacad83bd05d3397c467a6b7b/public/api/v2/thresholds.csv,2026-08-13T09:40:10.698523+00:00,False
Citrobacter farmeri,qualibact-v1.0,QualiBact Citrobacter farmeri qualibact-v1.0,https://raw.githubusercontent.com/cgps-group/qualibact/52ce95333b12510cacad83bd05d3397c467a6b7b/public/api/v2/thresholds.csv,2026-08-13T09:40:10.698523+00:00,False
Citrobacter freundii,qualibact-v1.0,QualiBact Citrobacter freundii qualibact-v1.0,https://raw.githubusercontent.com/cgps-group/qualibact/52ce95333b12510cacad83bd05d3397c467a6b7b/public/api/v2/thresholds.csv,2026-08-13T09:40:10.698523+00:00,False
Citrobacter koseri,qualibact-v1.0,QualiBact Citrobacter koseri qualibact-v1.0,https://raw.githubusercontent.com/cgps-group/qualibact/52ce95333b12510cacad83bd05d3397c467a6b7b/public/api/v2/thresholds.csv,2026-08-13T09:40:10.698523+00:00,False
Citrobacter portucalensis,qualibact-v1.0,QualiBact Citrobacter portucalensis qualibact-v1.0,https://raw.githubusercontent.com/cgps-group/qualibact/52ce95333b12510cacad83bd05d3397c467a6b7b/public/api/v2/thresholds.csv,2026-08-13T09:40:10.698523+00:00,False
Citrobacter rodentium,qualibact-v1.0,QualiBact Citrobacter rodentium qualibact-v1.0,https://raw.githubusercontent.com/cgps-group/qualibact/52ce95333b12510cacad83bd05d3397c467a6b7b/public/api/v2/thresholds.csv,2026-08-13T09:40:10.698523+00:00,False
Citrobacter sedlakii,qualibact-v1.0,QualiBact Citrobacter sedlakii qualibact-v1.0,https://raw.githubusercontent.com/cgps-group/qualibact/52ce95333b12510cacad83bd05d3397c467a6b7b/public/api/v2/thresholds.csv,2026-08-13T09:40:10.698523+00:00,False
Citrobacter werkmanii,qualibact-v1.0,QualiBact Citrobacter werkmanii qualibact-v1.0,https://raw.githubusercontent.com/cgps-group/qualibact/52ce95333b12510cacad83bd05d3397c467a6b7b/public/api/v2/thresholds.csv,2026-08-13T09:40:10.698523+00:00,False
Citrobacter youngae,qualibact-v1.0,QualiBact Citrobacter youngae qualibact-v1.0,https://raw.githubusercontent.com/cgps-group/qualibact/52ce95333b12510cacad83bd05d3397c467a6b7b/public/api/v2/thresholds.csv,2026-08-13T09:40:10.698523+00:00,False
Clostridium beijerinckii,qualibact-v1.0,QualiBact Clostridium beijerinckii qualibact-v1.0,https://raw.githubusercontent.com/cgps-group/qualibact/52ce95333b12510cacad83bd05d3397c467a6b7b/public/api/v2/thresholds.csv,2026-08-13T09:40:10.698523+00:00,False
Clostridium botulinum,qualibact-v1.0,QualiBact Clostridium botulinum qualibact-v1.0,https://raw.githubusercontent.com/cgps-group/qualibact/52ce95333b12510cacad83bd05d3397c467a6b7b/public/api/v2/thresholds.csv,2026-08-13T09:40:10.698523+00:00,False
Clostridium cagae,qualibact-v1.0,QualiBact Clostridium cagae qualibact-v1.0,https://raw.githubusercontent.com/cgps-group/qualibact/52ce95333b12510cacad83bd05d3397c467a6b7b/public/api/v2/thresholds.csv,2026-08-13T09:40:10.698523+00:00,False
Clostridium difficile,qualibact-v1.0,QualiBact Clostridium difficile qualibact-v1.0,https://raw.githubusercontent.com/cgps-group/qualibact/52ce95333b12510cacad83bd05d3397c467a6b7b/public/api/v2/thresholds.csv,2026-08-13T09:40:10.698523+00:00,False
Clostridium innocuum,qualibact-v1.0,QualiBact Clostridium innocuum qualibact-v1.0,https://raw.githubusercontent.com/cgps-group/qualibact/52ce95333b12510cacad83bd05d3397c467a6b7b/public/api/v2/thresholds.csv,2026-08-13T09:40:10.698523+00:00,False
Clostridium tetani,qualibact-v1.0,QualiBact Clostridium tetani qualibact-v1.0,https://raw.githubusercontent.com/cgps-group/qualibact/52ce95333b12510cacad83bd05d3397c467a6b7b/public/api/v2/thresholds.csv,2026-08-13T09:40:10.698523+00:00,False
Corynebacterium diphtheriae,qualibact-v1.0,QualiBact Corynebacterium diphtheriae qualibact-v1.0,https://raw.githubusercontent.com/cgps-group/qualibact/52ce95333b12510cacad83bd05d3397c467a6b7b/public/api/v2/thresholds.csv,2026-08-13T09:40:10.698523+00:00,False
Corynebacterium glutamicum,qualibact-v1.0,QualiBact Corynebacterium glutamicum qualibact-v1.0,https://raw.githubusercontent.com/cgps-group/qualibact/52ce95333b12510cacad83bd05d3397c467a6b7b/public/api/v2/thresholds.csv,2026-08-13T09:40:10.698523+00:00,False
Corynebacterium jeikeium,qualibact-v1.0,QualiBact Corynebacterium jeikeium qualibact-v1.0,https://raw.githubusercontent.com/cgps-group/qualibact/52ce95333b12510cacad83bd05d3397c467a6b7b/public/api/v2/thresholds.csv,2026-08-13T09:40:10.698523+00:00,False
Corynebacterium pseudodiphtheriticum,qualibact-v1.0,QualiBact Corynebacterium pseudodiphtheriticum qualibact-v1.0,https://raw.githubusercontent.com/cgps-group/qualibact/52ce95333b12510cacad83bd05d3397c467a6b7b/public/api/v2/thresholds.csv,2026-08-13T09:40:10.698523+00:00,False
Corynebacterium striatum,qualibact-v1.0,QualiBact Corynebacterium striatum qualibact-v1.0,https://raw.githubusercontent.com/cgps-group/qualibact/52ce95333b12510cacad83bd05d3397c467a6b7b/public/api/v2/thresholds.csv,2026-08-13T09:40:10.698523+00:00,False
Corynebacterium ulcerans,qualibact-v1.0,QualiBact Corynebacterium ulcerans qualibact-v1.0,https://raw.githubusercontent.com/cgps-group/qualibact/52ce95333b12510cacad83bd05d3397c467a6b7b/public/api/v2/thresholds.csv,2026-08-13T09:40:10.698523+00:00,False
Cronobacter sakazakii,qualibact-v1.0,QualiBact Cronobacter sakazakii qualibact-v1.0,https://raw.githubusercontent.com/cgps-group/qualibact/52ce95333b12510cacad83bd05d3397c467a6b7b/public/api/v2/thresholds.csv,2026-08-13T09:40:10.698523+00:00,False
Cronobacter turicensis,qualibact-v1.0,QualiBact Cronobacter turicensis qualibact-v1.0,https://raw.githubusercontent.com/cgps-group/qualibact/52ce95333b12510cacad83bd05d3397c467a6b7b/public/api/v2/thresholds.csv,2026-08-13T09:40:10.698523+00:00,False
Curtobacterium flaccumfaciens,qualibact-v1.0,QualiBact Curtobacterium flaccumfaciens qualibact-v1.0,https://raw.githubusercontent.com/cgps-group/qualibact/52ce95333b12510cacad83bd05d3397c467a6b7b/public/api/v2/thresholds.csv,2026-08-13T09:40:10.698523+00:00,False
Cutibacterium acnes,qualibact-v1.0,QualiBact Cutibacterium acnes qualibact-v1.0,https://raw.githubusercontent.com/cgps-group/qualibact/52ce95333b12510cacad83bd05d3397c467a6b7b/public/api/v2/thresholds.csv,2026-08-13T09:40:10.698523+00:00,False
Deinococcus radiodurans,qualibact-v1.0,QualiBact Deinococcus radiodurans qualibact-v1.0,https://raw.githubusercontent.com/cgps-group/qualibact/52ce95333b12510cacad83bd05d3397c467a6b7b/public/api/v2/thresholds.csv,2026-08-13T09:40:10.698523+00:00,False
Dichelobacter nodosus,qualibact-v1.0,QualiBact Dichelobacter nodosus qualibact-v1.0,https://raw.githubusercontent.com/cgps-group/qualibact/52ce95333b12510cacad83bd05d3397c467a6b7b/public/api/v2/thresholds.csv,2026-08-13T09:40:10.698523+00:00,False
Elizabethkingia anophelis,qualibact-v1.0,QualiBact Elizabethkingia anophelis qualibact-v1.0,https://raw.githubusercontent.com/cgps-group/qualibact/52ce95333b12510cacad83bd05d3397c467a6b7b/public/api/v2/thresholds.csv,2026-08-13T09:40:10.698523+00:00,False
Enterobacter asburiae,qualibact-v1.0,QualiBact Enterobacter asburiae qualibact-v1.0,https://raw.githubusercontent.com/cgps-group/qualibact/52ce95333b12510cacad83bd05d3397c467a6b7b/public/api/v2/thresholds.csv,2026-08-13T09:40:10.698523+00:00,False
Enterobacter bugandensis,qualibact-v1.0,QualiBact Enterobacter bugandensis qualibact-v1.0,https://raw.githubusercontent.com/cgps-group/qualibact/52ce95333b12510cacad83bd05d3397c467a6b7b/public/api/v2/thresholds.csv,2026-08-13T09:40:10.698523+00:00,False
Enterobacter cloacae,qualibact-v1.0,QualiBact Enterobacter cloacae qualibact-v1.0,https://raw.githubusercontent.com/cgps-group/qualibact/52ce95333b12510cacad83bd05d3397c467a6b7b/public/api/v2/thresholds.csv,2026-08-13T09:40:10.698523+00:00,False
Enterobacter hormaechei,qualibact-v1.0,QualiBact Enterobacter hormaechei qualibact-v1.0,https://raw.githubusercontent.com/cgps-group/qualibact/52ce95333b12510cacad83bd05d3397c467a6b7b/public/api/v2/thresholds.csv,2026-08-13T09:40:10.698523+00:00,False
Enterobacter kobei,qualibact-v1.0,QualiBact Enterobacter kobei qualibact-v1.0,https://raw.githubusercontent.com/cgps-group/qualibact/52ce95333b12510cacad83bd05d3397c467a6b7b/public/api/v2/thresholds.csv,2026-08-13T09:40:10.698523+00:00,False
Enterobacter ludwigii,qualibact-v1.0,QualiBact Enterobacter ludwigii qualibact-v1.0,https://raw.githubusercontent.com/cgps-group/qualibact/52ce95333b12510cacad83bd05d3397c467a6b7b/public/api/v2/thresholds.csv,2026-08-13T09:40:10.698523+00:00,False
Enterobacter roggenkampii,qualibact-v1.0,QualiBact Enterobacter roggenkampii qualibact-v1.0,https://raw.githubusercontent.com/cgps-group/qualibact/52ce95333b12510cacad83bd05d3397c467a6b7b/public/api/v2/thresholds.csv,2026-08-13T09:40:10.698523+00:00,False
Enterococcus avium,qualibact-v1.0,QualiBact Enterococcus avium qualibact-v1.0,https://raw.githubusercontent.com/cgps-group/qualibact/52ce95333b12510cacad83bd05d3397c467a6b7b/public/api/v2/thresholds.csv,2026-08-13T09:40:10.698523+00:00,False
Enterococcus casseliflavus,qualibact-v1.0,QualiBact Enterococcus casseliflavus qualibact-v1.0,https://raw.githubusercontent.com/cgps-group/qualibact/52ce95333b12510cacad83bd05d3397c467a6b7b/public/api/v2/thresholds.csv,2026-08-13T09:40:10.698523+00:00,False
Enterococcus cecorum,qualibact-v1.0,QualiBact Enterococcus cecorum qualibact-v1.0,https://raw.githubusercontent.com/cgps-group/qualibact/52ce95333b12510cacad83bd05d3397c467a6b7b/public/api/v2/thresholds.csv,2026-08-13T09:40:10.698523+00:00,False
Enterococcus durans,qualibact-v1.0,QualiBact Enterococcus durans qualibact-v1.0,https://raw.githubusercontent.com/cgps-group/qualibact/52ce95333b12510cacad83bd05d3397c467a6b7b/public/api/v2/thresholds.csv,2026-08-13T09:40:10.698523+00:00,False
Enterococcus faecalis,qualibact-v1.0,QualiBact Enterococcus faecalis qualibact-v1.0,https://raw.githubusercontent.com/cgps-group/qualibact/52ce95333b12510cacad83bd05d3397c467a6b7b/public/api/v2/thresholds.csv,2026-08-13T09:40:10.698523+00:00,False
Enterococcus faecium,qualibact-v1.0,QualiBact Enterococcus faecium qualibact-v1.0,https://raw.githubusercontent.com/cgps-group/qualibact/52ce95333b12510cacad83bd05d3397c467a6b7b/public/api/v2/thresholds.csv,2026-08-13T09:40:10.698523+00:00,False
Enterococcus gallinarum,qualibact-v1.0,QualiBact Enterococcus gallinarum qualibact-v1.0,https://raw.githubusercontent.com/cgps-group/qualibact/52ce95333b12510cacad83bd05d3397c467a6b7b/public/api/v2/thresholds.csv,2026-08-13T09:40:10.698523+00:00,False
Enterococcus hirae,qualibact-v1.0,QualiBact Enterococcus hirae qualibact-v1.0,https://raw.githubusercontent.com/cgps-group/qualibact/52ce95333b12510cacad83bd05d3397c467a6b7b/public/api/v2/thresholds.csv,2026-08-13T09:40:10.698523+00:00,False
Enterococcus lactis,qualibact-v1.0,QualiBact Enterococcus lactis qualibact-v1.0,https://raw.githubusercontent.com/cgps-group/qualibact/52ce95333b12510cacad83bd05d3397c467a6b7b/public/api/v2/thresholds.csv,2026-08-13T09:40:10.698523+00:00,False
Erwinia amylovora,qualibact-v1.0,QualiBact Erwinia amylovora qualibact-v1.0,https://raw.githubusercontent.com/cgps-group/qualibact/52ce95333b12510cacad83bd05d3397c467a6b7b/public/api/v2/thresholds.csv,2026-08-13T09:40:10.698523+00:00,False
Erysipelothrix rhusiopathiae,qualibact-v1.0,QualiBact Erysipelothrix rhusiopathiae qualibact-v1.0,https://raw.githubusercontent.com/cgps-group/qualibact/52ce95333b12510cacad83bd05d3397c467a6b7b/public/api/v2/thresholds.csv,2026-08-13T09:40:10.698523+00:00,False
Escherichia albertii,qualibact-v1.0,QualiBact Escherichia albertii qualibact-v1.0,https://raw.githubusercontent.com/cgps-group/qualibact/52ce95333b12510cacad83bd05d3397c467a6b7b/public/api/v2/thresholds.csv,2026-08-13T09:40:10.698523+00:00,False
Escherichia coli,qualibact-v1.0,QualiBact Escherichia coli qualibact-v1.0,https://raw.githubusercontent.com/cgps-group/qualibact/52ce95333b12510cacad83bd05d3397c467a6b7b/public/api/v2/thresholds.csv,2026-08-13T09:40:10.698523+00:00,False
Escherichia fergusonii,qualibact-v1.0,QualiBact Escherichia fergusonii qualibact-v1.0,https://raw.githubusercontent.com/cgps-group/qualibact/52ce95333b12510cacad83bd05d3397c467a6b7b/public/api/v2/thresholds.csv,2026-08-13T09:40:10.698523+00:00,False
Escherichia marmotae,qualibact-v1.0,QualiBact Escherichia marmotae qualibact-v1.0,https://raw.githubusercontent.com/cgps-group/qualibact/52ce95333b12510cacad83bd05d3397c467a6b7b/public/api/v2/thresholds.csv,2026-08-13T09:40:10.698523+00:00,False
Escherichia ruysiae,qualibact-v1.0,QualiBact Escherichia ruysiae qualibact-v1.0,https://raw.githubusercontent.com/cgps-group/qualibact/52ce95333b12510cacad83bd05d3397c467a6b7b/public/api/v2/thresholds.csv,2026-08-13T09:40:10.698523+00:00,False
Flavobacterium psychrophilum,qualibact-v1.0,QualiBact Flavobacterium psychrophilum qualibact-v1.0,https://raw.githubusercontent.com/cgps-group/qualibact/52ce95333b12510cacad83bd05d3397c467a6b7b/public/api/v2/thresholds.csv,2026-08-13T09:40:10.698523+00:00,False
Francisella tularensis,qualibact-v1.0,QualiBact Francisella tularensis qualibact-v1.0,https://raw.githubusercontent.com/cgps-group/qualibact/52ce95333b12510cacad83bd05d3397c467a6b7b/public/api/v2/thresholds.csv,2026-08-13T09:40:10.698523+00:00,False
Fusobacterium necrophorum,qualibact-v1.0,QualiBact Fusobacterium necrophorum qualibact-v1.0,https://raw.githubusercontent.com/cgps-group/qualibact/52ce95333b12510cacad83bd05d3397c467a6b7b/public/api/v2/thresholds.csv,2026-08-13T09:40:10.698523+00:00,False
Glaesserella parasuis,qualibact-v1.0,QualiBact Glaesserella parasuis qualibact-v1.0,https://raw.githubusercontent.com/cgps-group/qualibact/52ce95333b12510cacad83bd05d3397c467a6b7b/public/api/v2/thresholds.csv,2026-08-13T09:40:10.698523+00:00,False
Haemophilus haemolyticus,qualibact-v1.1,QualiBact Haemophilus haemolyticus qualibact-v1.1,https://raw.githubusercontent.com/cgps-group/qualibact/52ce95333b12510cacad83bd05d3397c467a6b7b/public/api/v2/thresholds.csv,2026-08-13T09:40:10.698523+00:00,False
Haemophilus influenzae,qualibact-v1.1,QualiBact Haemophilus influenzae qualibact-v1.1,https://raw.githubusercontent.com/cgps-group/qualibact/52ce95333b12510cacad83bd05d3397c467a6b7b/public/api/v2/thresholds.csv,2026-08-13T09:40:10.698523+00:00,False
Haemophilus parainfluenzae,qualibact-v1.0,QualiBact Haemophilus parainfluenzae qualibact-v1.0,https://raw.githubusercontent.com/cgps-group/qualibact/52ce95333b12510cacad83bd05d3397c467a6b7b/public/api/v2/thresholds.csv,2026-08-13T09:40:10.698523+00:00,False
Hafnia paralvei,qualibact-v1.0,QualiBact Hafnia paralvei qualibact-v1.0,https://raw.githubusercontent.com/cgps-group/qualibact/52ce95333b12510cacad83bd05d3397c467a6b7b/public/api/v2/thresholds.csv,2026-08-13T09:40:10.698523+00:00,False
Helicobacter pylori,qualibact-v1.0,QualiBact Helicobacter pylori qualibact-v1.0,https://raw.githubusercontent.com/cgps-group/qualibact/52ce95333b12510cacad83bd05d3397c467a6b7b/public/api/v2/thresholds.csv,2026-08-13T09:40:10.698523+00:00,False
Hungateiclostridium thermocellum,qualibact-v1.0,QualiBact Hungateiclostridium thermocellum qualibact-v1.0,https://raw.githubusercontent.com/cgps-group/qualibact/52ce95333b12510cacad83bd05d3397c467a6b7b/public/api/v2/thresholds.csv,2026-08-13T09:40:10.698523+00:00,False
Janthinobacterium lividum,qualibact-v1.0,QualiBact Janthinobacterium lividum qualibact-v1.0,https://raw.githubusercontent.com/cgps-group/qualibact/52ce95333b12510cacad83bd05d3397c467a6b7b/public/api/v2/thresholds.csv,2026-08-13T09:40:10.698523+00:00,False
Klebsiella aerogenes,qualibact-v1.0,QualiBact Klebsiella aerogenes qualibact-v1.0,https://raw.githubusercontent.com/cgps-group/qualibact/52ce95333b12510cacad83bd05d3397c467a6b7b/public/api/v2/thresholds.csv,2026-08-13T09:40:10.698523+00:00,False
Klebsiella africana,REFSEQ-QC-v1,QualiBact Klebsiella africana REFSEQ-QC-v1,https://raw.githubusercontent.com/cgps-group/qualibact/52ce95333b12510cacad83bd05d3397c467a6b7b/public/api/v2/thresholds.csv,2026-08-13T09:40:10.698523+00:00,False
Klebsiella grimontii,qualibact-v1.0,QualiBact Klebsiella grimontii qualibact-v1.0,https://raw.githubusercontent.com/cgps-group/qualibact/52ce95333b12510cacad83bd05d3397c467a6b7b/public/api/v2/thresholds.csv,2026-08-13T09:40:10.698523+00:00,False
Klebsiella huaxiensis,REFSEQ-QC-v1,QualiBact Klebsiella huaxiensis REFSEQ-QC-v1,https://raw.githubusercontent.com/cgps-group/qualibact/52ce95333b12510cacad83bd05d3397c467a6b7b/public/api/v2/thresholds.csv,2026-08-13T09:40:10.698523+00:00,False
Klebsiella michiganensis,qualibact-v1.0,QualiBact Klebsiella michiganensis qualibact-v1.0,https://raw.githubusercontent.com/cgps-group/qualibact/52ce95333b12510cacad83bd05d3397c467a6b7b/public/api/v2/thresholds.csv,2026-08-13T09:40:10.698523+00:00,False
Klebsiella ornithinolytica,qualibact-v1.0,QualiBact Klebsiella ornithinolytica qualibact-v1.0,https://raw.githubusercontent.com/cgps-group/qualibact/52ce95333b12510cacad83bd05d3397c467a6b7b/public/api/v2/thresholds.csv,2026-08-13T09:40:10.698523+00:00,False
Klebsiella oxytoca,qualibact-v1.0,QualiBact Klebsiella oxytoca qualibact-v1.0,https://raw.githubusercontent.com/cgps-group/qualibact/52ce95333b12510cacad83bd05d3397c467a6b7b/public/api/v2/thresholds.csv,2026-08-13T09:40:10.698523+00:00,False
Klebsiella pasteurii,REFSEQ-QC-v1,QualiBact Klebsiella pasteurii REFSEQ-QC-v1,https://raw.githubusercontent.com/cgps-group/qualibact/52ce95333b12510cacad83bd05d3397c467a6b7b/public/api/v2/thresholds.csv,2026-08-13T09:40:10.698523+00:00,False
Klebsiella planticola,qualibact-v1.0,QualiBact Klebsiella planticola qualibact-v1.0,https://raw.githubusercontent.com/cgps-group/qualibact/52ce95333b12510cacad83bd05d3397c467a6b7b/public/api/v2/thresholds.csv,2026-08-13T09:40:10.698523+00:00,False
Klebsiella pneumoniae,qualibact-v1.0,QualiBact Klebsiella pneumoniae qualibact-v1.0,https://raw.githubusercontent.com/cgps-group/qualibact/52ce95333b12510cacad83bd05d3397c467a6b7b/public/api/v2/thresholds.csv,2026-08-13T09:40:10.698523+00:00,False
Klebsiella quasipneumoniae,qualibact-v1.1,QualiBact Klebsiella quasipneumoniae qualibact-v1.1,https://raw.githubusercontent.com/cgps-group/qualibact/52ce95333b12510cacad83bd05d3397c467a6b7b/public/api/v2/thresholds.csv,2026-08-13T09:40:10.698523+00:00,False
Klebsiella quasivariicola,REFSEQ-QC-v1,QualiBact Klebsiella quasivariicola REFSEQ-QC-v1,https://raw.githubusercontent.com/cgps-group/qualibact/52ce95333b12510cacad83bd05d3397c467a6b7b/public/api/v2/thresholds.csv,2026-08-13T09:40:10.698523+00:00,False
Klebsiella spallanzanii,REFSEQ-QC-v1,QualiBact Klebsiella spallanzanii REFSEQ-QC-v1,https://raw.githubusercontent.com/cgps-group/qualibact/52ce95333b12510cacad83bd05d3397c467a6b7b/public/api/v2/thresholds.csv,2026-08-13T09:40:10.698523+00:00,False
Klebsiella variicola,qualibact-v1.1,QualiBact Klebsiella variicola qualibact-v1.1,https://raw.githubusercontent.com/cgps-group/qualibact/52ce95333b12510cacad83bd05d3397c467a6b7b/public/api/v2/thresholds.csv,2026-08-13T09:40:10.698523+00:00,False
Lacticaseibacillus paracasei,qualibact-v1.0,QualiBact Lacticaseibacillus paracasei qualibact-v1.0,https://raw.githubusercontent.com/cgps-group/qualibact/52ce95333b12510cacad83bd05d3397c467a6b7b/public/api/v2/thresholds.csv,2026-08-13T09:40:10.698523+00:00,False
Lacticaseibacillus rhamnosus,qualibact-v1.0,QualiBact Lacticaseibacillus rhamnosus qualibact-v1.0,https://raw.githubusercontent.com/cgps-group/qualibact/52ce95333b12510cacad83bd05d3397c467a6b7b/public/api/v2/thresholds.csv,2026-08-13T09:40:10.698523+00:00,False
Lactiplantibacillus plantarum,qualibact-v1.0,QualiBact Lactiplantibacillus plantarum qualibact-v1.0,https://raw.githubusercontent.com/cgps-group/qualibact/52ce95333b12510cacad83bd05d3397c467a6b7b/public/api/v2/thresholds.csv,2026-08-13T09:40:10.698523+00:00,False
Lactobacillus acidophilus,qualibact-v1.0,QualiBact Lactobacillus acidophilus qualibact-v1.0,https://raw.githubusercontent.com/cgps-group/qualibact/52ce95333b12510cacad83bd05d3397c467a6b7b/public/api/v2/thresholds.csv,2026-08-13T09:40:10.698523+00:00,False
Lactobacillus crispatus,qualibact-v1.0,QualiBact Lactobacillus crispatus qualibact-v1.0,https://raw.githubusercontent.com/cgps-group/qualibact/52ce95333b12510cacad83bd05d3397c467a6b7b/public/api/v2/thresholds.csv,2026-08-13T09:40:10.698523+00:00,False
Lactobacillus gasseri,qualibact-v1.0,QualiBact Lactobacillus gasseri qualibact-v1.0,https://raw.githubusercontent.com/cgps-group/qualibact/52ce95333b12510cacad83bd05d3397c467a6b7b/public/api/v2/thresholds.csv,2026-08-13T09:40:10.698523+00:00,False
Lactobacillus johnsonii,qualibact-v1.0,QualiBact Lactobacillus johnsonii qualibact-v1.0,https://raw.githubusercontent.com/cgps-group/qualibact/52ce95333b12510cacad83bd05d3397c467a6b7b/public/api/v2/thresholds.csv,2026-08-13T09:40:10.698523+00:00,False
Lactobacillus paragasseri,qualibact-v1.0,QualiBact Lactobacillus paragasseri qualibact-v1.0,https://raw.githubusercontent.com/cgps-group/qualibact/52ce95333b12510cacad83bd05d3397c467a6b7b/public/api/v2/thresholds.csv,2026-08-13T09:40:10.698523+00:00,False
Lactococcus lactis,qualibact-v1.0,QualiBact Lactococcus lactis qualibact-v1.0,https://raw.githubusercontent.com/cgps-group/qualibact/52ce95333b12510cacad83bd05d3397c467a6b7b/public/api/v2/thresholds.csv,2026-08-13T09:40:10.698523+00:00,False
Legionella fraseri,qualibact-v1.0,QualiBact Legionella fraseri qualibact-v1.0,https://raw.githubusercontent.com/cgps-group/qualibact/52ce95333b12510cacad83bd05d3397c467a6b7b/public/api/v2/thresholds.csv,2026-08-13T09:40:10.698523+00:00,False
Legionella longbeachae,qualibact-v1.0,QualiBact Legionella longbeachae qualibact-v1.0,https://raw.githubusercontent.com/cgps-group/qualibact/52ce95333b12510cacad83bd05d3397c467a6b7b/public/api/v2/thresholds.csv,2026-08-13T09:40:10.698523+00:00,False
Legionella pneumophila,qualibact-v1.0,QualiBact Legionella pneumophila qualibact-v1.0,https://raw.githubusercontent.com/cgps-group/qualibact/52ce95333b12510cacad83bd05d3397c467a6b7b/public/api/v2/thresholds.csv,2026-08-13T09:40:10.698523+00:00,False
Leptospira borgpetersenii,qualibact-v1.0,QualiBact Leptospira borgpetersenii qualibact-v1.0,https://raw.githubusercontent.com/cgps-group/qualibact/52ce95333b12510cacad83bd05d3397c467a6b7b/public/api/v2/thresholds.csv,2026-08-13T09:40:10.698523+00:00,False
Leptospira interrogans,qualibact-v1.0,QualiBact Leptospira interrogans qualibact-v1.0,https://raw.githubusercontent.com/cgps-group/qualibact/52ce95333b12510cacad83bd05d3397c467a6b7b/public/api/v2/thresholds.csv,2026-08-13T09:40:10.698523+00:00,False
Ligilactobacillus salivarius,qualibact-v1.0,QualiBact Ligilactobacillus salivarius qualibact-v1.0,https://raw.githubusercontent.com/cgps-group/qualibact/52ce95333b12510cacad83bd05d3397c467a6b7b/public/api/v2/thresholds.csv,2026-08-13T09:40:10.698523+00:00,False
Limosilactobacillus fermentum,qualibact-v1.0,QualiBact Limosilactobacillus fermentum qualibact-v1.0,https://raw.githubusercontent.com/cgps-group/qualibact/52ce95333b12510cacad83bd05d3397c467a6b7b/public/api/v2/thresholds.csv,2026-08-13T09:40:10.698523+00:00,False
Limosilactobacillus mucosae,qualibact-v1.0,QualiBact Limosilactobacillus mucosae qualibact-v1.0,https://raw.githubusercontent.com/cgps-group/qualibact/52ce95333b12510cacad83bd05d3397c467a6b7b/public/api/v2/thresholds.csv,2026-08-13T09:40:10.698523+00:00,False
Limosilactobacillus reuteri,qualibact-v1.0,QualiBact Limosilactobacillus reuteri qualibact-v1.0,https://raw.githubusercontent.com/cgps-group/qualibact/52ce95333b12510cacad83bd05d3397c467a6b7b/public/api/v2/thresholds.csv,2026-08-13T09:40:10.698523+00:00,False
Listeria grayi,qualibact-v1.0,QualiBact Listeria grayi qualibact-v1.0,https://raw.githubusercontent.com/cgps-group/qualibact/52ce95333b12510cacad83bd05d3397c467a6b7b/public/api/v2/thresholds.csv,2026-08-13T09:40:10.698523+00:00,False
Listeria innocua,qualibact-v1.0,QualiBact Listeria innocua qualibact-v1.0,https://raw.githubusercontent.com/cgps-group/qualibact/52ce95333b12510cacad83bd05d3397c467a6b7b/public/api/v2/thresholds.csv,2026-08-13T09:40:10.698523+00:00,False
Listeria monocytogenes,qualibact-v1.0,QualiBact Listeria monocytogenes qualibact-v1.0,https://raw.githubusercontent.com/cgps-group/qualibact/52ce95333b12510cacad83bd05d3397c467a6b7b/public/api/v2/thresholds.csv,2026-08-13T09:40:10.698523+00:00,False
Listeria seeligeri,qualibact-v1.0,QualiBact Listeria seeligeri qualibact-v1.0,https://raw.githubusercontent.com/cgps-group/qualibact/52ce95333b12510cacad83bd05d3397c467a6b7b/public/api/v2/thresholds.csv,2026-08-13T09:40:10.698523+00:00,False
Listeria welshimeri,qualibact-v1.0,QualiBact Listeria welshimeri qualibact-v1.0,https://raw.githubusercontent.com/cgps-group/qualibact/52ce95333b12510cacad83bd05d3397c467a6b7b/public/api/v2/thresholds.csv,2026-08-13T09:40:10.698523+00:00,False
Mammaliicoccus sciuri,qualibact-v1.0,QualiBact Mammaliicoccus sciuri qualibact-v1.0,https://raw.githubusercontent.com/cgps-group/qualibact/52ce95333b12510cacad83bd05d3397c467a6b7b/public/api/v2/thresholds.csv,2026-08-13T09:40:10.698523+00:00,False
Mannheimia haemolytica,qualibact-v1.0,QualiBact Mannheimia haemolytica qualibact-v1.0,https://raw.githubusercontent.com/cgps-group/qualibact/52ce95333b12510cacad83bd05d3397c467a6b7b/public/api/v2/thresholds.csv,2026-08-13T09:40:10.698523+00:00,False
Mesomycoplasma hyopneumoniae,qualibact-v1.0,QualiBact Mesomycoplasma hyopneumoniae qualibact-v1.0,https://raw.githubusercontent.com/cgps-group/qualibact/52ce95333b12510cacad83bd05d3397c467a6b7b/public/api/v2/thresholds.csv,2026-08-13T09:40:10.698523+00:00,False
Micrococcus luteus,qualibact-v1.0,QualiBact Micrococcus luteus qualibact-v1.0,https://raw.githubusercontent.com/cgps-group/qualibact/52ce95333b12510cacad83bd05d3397c467a6b7b/public/api/v2/thresholds.csv,2026-08-13T09:40:10.698523+00:00,False
Moraxella bovoculi,qualibact-v1.0,QualiBact Moraxella bovoculi qualibact-v1.0,https://raw.githubusercontent.com/cgps-group/qualibact/52ce95333b12510cacad83bd05d3397c467a6b7b/public/api/v2/thresholds.csv,2026-08-13T09:40:10.698523+00:00,False
Moraxella catarrhalis,qualibact-v1.0,QualiBact Moraxella catarrhalis qualibact-v1.0,https://raw.githubusercontent.com/cgps-group/qualibact/52ce95333b12510cacad83bd05d3397c467a6b7b/public/api/v2/thresholds.csv,2026-08-13T09:40:10.698523+00:00,False
Morganella morganii,qualibact-v1.0,QualiBact Morganella morganii qualibact-v1.0,https://raw.githubusercontent.com/cgps-group/qualibact/52ce95333b12510cacad83bd05d3397c467a6b7b/public/api/v2/thresholds.csv,2026-08-13T09:40:10.698523+00:00,False
Mycobacterium abscessus,qualibact-v1.0,QualiBact Mycobacterium abscessus qualibact-v1.0,https://raw.githubusercontent.com/cgps-group/qualibact/52ce95333b12510cacad83bd05d3397c467a6b7b/public/api/v2/thresholds.csv,2026-08-13T09:40:10.698523+00:00,False
Mycobacterium avium,qualibact-v1.0,QualiBact Mycobacterium avium qualibact-v1.0,https://raw.githubusercontent.com/cgps-group/qualibact/52ce95333b12510cacad83bd05d3397c467a6b7b/public/api/v2/thresholds.csv,2026-08-13T09:40:10.698523+00:00,False
Mycobacterium chelonae,qualibact-v1.0,QualiBact Mycobacterium chelonae qualibact-v1.0,https://raw.githubusercontent.com/cgps-group/qualibact/52ce95333b12510cacad83bd05d3397c467a6b7b/public/api/v2/thresholds.csv,2026-08-13T09:40:10.698523+00:00,False
Mycobacterium intracellulare,qualibact-v1.0,QualiBact Mycobacterium intracellulare qualibact-v1.0,https://raw.githubusercontent.com/cgps-group/qualibact/52ce95333b12510cacad83bd05d3397c467a6b7b/public/api/v2/thresholds.csv,2026-08-13T09:40:10.698523+00:00,False
Mycobacterium kansasii,qualibact-v1.0,QualiBact Mycobacterium kansasii qualibact-v1.0,https://raw.githubusercontent.com/cgps-group/qualibact/52ce95333b12510cacad83bd05d3397c467a6b7b/public/api/v2/thresholds.csv,2026-08-13T09:40:10.698523+00:00,False
Mycobacterium marinum,qualibact-v1.0,QualiBact Mycobacterium marinum qualibact-v1.0,https://raw.githubusercontent.com/cgps-group/qualibact/52ce95333b12510cacad83bd05d3397c467a6b7b/public/api/v2/thresholds.csv,2026-08-13T09:40:10.698523+00:00,False
Mycobacterium smegmatis,qualibact-v1.0,QualiBact Mycobacterium smegmatis qualibact-v1.0,https://raw.githubusercontent.com/cgps-group/qualibact/52ce95333b12510cacad83bd05d3397c467a6b7b/public/api/v2/thresholds.csv,2026-08-13T09:40:10.698523+00:00,False
Mycobacterium tuberculosis,qualibact-v1.0,QualiBact Mycobacterium tuberculosis qualibact-v1.0,https://raw.githubusercontent.com/cgps-group/qualibact/52ce95333b12510cacad83bd05d3397c467a6b7b/public/api/v2/thresholds.csv,2026-08-13T09:40:10.698523+00:00,False
Mycobacterium xenopi,REFSEQ-QC-v1,QualiBact Mycobacterium xenopi REFSEQ-QC-v1,https://raw.githubusercontent.com/cgps-group/qualibact/52ce95333b12510cacad83bd05d3397c467a6b7b/public/api/v2/thresholds.csv,2026-08-13T09:40:10.698523+00:00,False
Mycoplasma capri,qualibact-v1.0,QualiBact Mycoplasma capri qualibact-v1.0,https://raw.githubusercontent.com/cgps-group/qualibact/52ce95333b12510cacad83bd05d3397c467a6b7b/public/api/v2/thresholds.csv,2026-08-13T09:40:10.698523+00:00,False
Mycoplasmoides pneumoniae,qualibact-v1.0,QualiBact Mycoplasmoides pneumoniae qualibact-v1.0,https://raw.githubusercontent.com/cgps-group/qualibact/52ce95333b12510cacad83bd05d3397c467a6b7b/public/api/v2/thresholds.csv,2026-08-13T09:40:10.698523+00:00,False
Mycoplasmopsis bovis,qualibact-v1.0,QualiBact Mycoplasmopsis bovis qualibact-v1.0,https://raw.githubusercontent.com/cgps-group/qualibact/52ce95333b12510cacad83bd05d3397c467a6b7b/public/api/v2/thresholds.csv,2026-08-13T09:40:10.698523+00:00,False
Neisseria bergeri,qualibact-v1.1,QualiBact Neisseria bergeri qualibact-v1.1,https://raw.githubusercontent.com/cgps-group/qualibact/52ce95333b12510cacad83bd05d3397c467a6b7b/public/api/v2/thresholds.csv,2026-08-13T09:40:10.698523+00:00,False
Neisseria flavescens,qualibact-v1.1,QualiBact Neisseria flavescens qualibact-v1.1,https://raw.githubusercontent.com/cgps-group/qualibact/52ce95333b12510cacad83bd05d3397c467a6b7b/public/api/v2/thresholds.csv,2026-08-13T09:40:10.698523+00:00,False
Neisseria gonorrhoeae,qualibact-v1.1,QualiBact Neisseria gonorrhoeae qualibact-v1.1,https://raw.githubusercontent.com/cgps-group/qualibact/52ce95333b12510cacad83bd05d3397c467a6b7b/public/api/v2/thresholds.csv,2026-08-13T09:40:10.698523+00:00,False
Neisseria lactamica,qualibact-v1.1,QualiBact Neisseria lactamica qualibact-v1.1,https://raw.githubusercontent.com/cgps-group/qualibact/52ce95333b12510cacad83bd05d3397c467a6b7b/public/api/v2/thresholds.csv,2026-08-13T09:40:10.698523+00:00,False
Neisseria meningitidis,qualibact-v1.1,QualiBact Neisseria meningitidis qualibact-v1.1,https://raw.githubusercontent.com/cgps-group/qualibact/52ce95333b12510cacad83bd05d3397c467a6b7b/public/api/v2/thresholds.csv,2026-08-13T09:40:10.698523+00:00,False
Neisseria perflava,qualibact-v1.1,QualiBact Neisseria perflava qualibact-v1.1,https://raw.githubusercontent.com/cgps-group/qualibact/52ce95333b12510cacad83bd05d3397c467a6b7b/public/api/v2/thresholds.csv,2026-08-13T09:40:10.698523+00:00,False
Neisseria polysaccharea,qualibact-v1.1,QualiBact Neisseria polysaccharea qualibact-v1.1,https://raw.githubusercontent.com/cgps-group/qualibact/52ce95333b12510cacad83bd05d3397c467a6b7b/public/api/v2/thresholds.csv,2026-08-13T09:40:10.698523+00:00,False
Oenococcus oeni,qualibact-v1.0,QualiBact Oenococcus oeni qualibact-v1.0,https://raw.githubusercontent.com/cgps-group/qualibact/52ce95333b12510cacad83bd05d3397c467a6b7b/public/api/v2/thresholds.csv,2026-08-13T09:40:10.698523+00:00,False
Ornithobacterium rhinotracheale,qualibact-v1.0,QualiBact Ornithobacterium rhinotracheale qualibact-v1.0,https://raw.githubusercontent.com/cgps-group/qualibact/52ce95333b12510cacad83bd05d3397c467a6b7b/public/api/v2/thresholds.csv,2026-08-13T09:40:10.698523+00:00,False
Paenibacillus larvae,qualibact-v1.0,QualiBact Paenibacillus larvae qualibact-v1.0,https://raw.githubusercontent.com/cgps-group/qualibact/52ce95333b12510cacad83bd05d3397c467a6b7b/public/api/v2/thresholds.csv,2026-08-13T09:40:10.698523+00:00,False
Parabacteroides distasonis,qualibact-v1.0,QualiBact Parabacteroides distasonis qualibact-v1.0,https://raw.githubusercontent.com/cgps-group/qualibact/52ce95333b12510cacad83bd05d3397c467a6b7b/public/api/v2/thresholds.csv,2026-08-13T09:40:10.698523+00:00,False
Parabacteroides goldsteinii,qualibact-v1.0,QualiBact Parabacteroides goldsteinii qualibact-v1.0,https://raw.githubusercontent.com/cgps-group/qualibact/52ce95333b12510cacad83bd05d3397c467a6b7b/public/api/v2/thresholds.csv,2026-08-13T09:40:10.698523+00:00,False
Parabacteroides merdae,qualibact-v1.0,QualiBact Parabacteroides merdae qualibact-v1.0,https://raw.githubusercontent.com/cgps-group/qualibact/52ce95333b12510cacad83bd05d3397c467a6b7b/public/api/v2/thresholds.csv,2026-08-13T09:40:10.698523+00:00,False
Pasteurella multocida,qualibact-v1.0,QualiBact Pasteurella multocida qualibact-v1.0,https://raw.githubusercontent.com/cgps-group/qualibact/52ce95333b12510cacad83bd05d3397c467a6b7b/public/api/v2/thresholds.csv,2026-08-13T09:40:10.698523+00:00,False
Pectobacterium brasiliense,qualibact-v1.0,QualiBact Pectobacterium brasiliense qualibact-v1.0,https://raw.githubusercontent.com/cgps-group/qualibact/52ce95333b12510cacad83bd05d3397c467a6b7b/public/api/v2/thresholds.csv,2026-08-13T09:40:10.698523+00:00,False
Pediococcus acidilactici,qualibact-v1.0,QualiBact Pediococcus acidilactici qualibact-v1.0,https://raw.githubusercontent.com/cgps-group/qualibact/52ce95333b12510cacad83bd05d3397c467a6b7b/public/api/v2/thresholds.csv,2026-08-13T09:40:10.698523+00:00,False
Pediococcus pentosaceus,qualibact-v1.0,QualiBact Pediococcus pentosaceus qualibact-v1.0,https://raw.githubusercontent.com/cgps-group/qualibact/52ce95333b12510cacad83bd05d3397c467a6b7b/public/api/v2/thresholds.csv,2026-08-13T09:40:10.698523+00:00,False
Phocaeicola dorei,qualibact-v1.0,QualiBact Phocaeicola dorei qualibact-v1.0,https://raw.githubusercontent.com/cgps-group/qualibact/52ce95333b12510cacad83bd05d3397c467a6b7b/public/api/v2/thresholds.csv,2026-08-13T09:40:10.698523+00:00,False
Phocaeicola vulgatus,qualibact-v1.0,QualiBact Phocaeicola vulgatus qualibact-v1.0,https://raw.githubusercontent.com/cgps-group/qualibact/52ce95333b12510cacad83bd05d3397c467a6b7b/public/api/v2/thresholds.csv,2026-08-13T09:40:10.698523+00:00,False
Priestia megaterium,qualibact-v1.0,QualiBact Priestia megaterium qualibact-v1.0,https://raw.githubusercontent.com/cgps-group/qualibact/52ce95333b12510cacad83bd05d3397c467a6b7b/public/api/v2/thresholds.csv,2026-08-13T09:40:10.698523+00:00,False
Proteus mirabilis,qualibact-v1.0,QualiBact Proteus mirabilis qualibact-v1.0,https://raw.githubusercontent.com/cgps-group/qualibact/52ce95333b12510cacad83bd05d3397c467a6b7b/public/api/v2/thresholds.csv,2026-08-13T09:40:10.698523+00:00,False
Providencia rettgeri,qualibact-v1.0,QualiBact Providencia rettgeri qualibact-v1.0,https://raw.githubusercontent.com/cgps-group/qualibact/52ce95333b12510cacad83bd05d3397c467a6b7b/public/api/v2/thresholds.csv,2026-08-13T09:40:10.698523+00:00,False
Providencia stuartii,qualibact-v1.0,QualiBact Providencia stuartii qualibact-v1.0,https://raw.githubusercontent.com/cgps-group/qualibact/52ce95333b12510cacad83bd05d3397c467a6b7b/public/api/v2/thresholds.csv,2026-08-13T09:40:10.698523+00:00,False
Pseudoalteromonas nigrifaciens,qualibact-v1.0,QualiBact Pseudoalteromonas nigrifaciens qualibact-v1.0,https://raw.githubusercontent.com/cgps-group/qualibact/52ce95333b12510cacad83bd05d3397c467a6b7b/public/api/v2/thresholds.csv,2026-08-13T09:40:10.698523+00:00,False
Pseudomonas aeruginosa,qualibact-v1.0,QualiBact Pseudomonas aeruginosa qualibact-v1.0,https://raw.githubusercontent.com/cgps-group/qualibact/52ce95333b12510cacad83bd05d3397c467a6b7b/public/api/v2/thresholds.csv,2026-08-13T09:40:10.698523+00:00,False
Pseudomonas alloputida,qualibact-v1.0,QualiBact Pseudomonas alloputida qualibact-v1.0,https://raw.githubusercontent.com/cgps-group/qualibact/52ce95333b12510cacad83bd05d3397c467a6b7b/public/api/v2/thresholds.csv,2026-08-13T09:40:10.698523+00:00,False
Pseudomonas asiatica,qualibact-v1.0,QualiBact Pseudomonas asiatica qualibact-v1.0,https://raw.githubusercontent.com/cgps-group/qualibact/52ce95333b12510cacad83bd05d3397c467a6b7b/public/api/v2/thresholds.csv,2026-08-13T09:40:10.698523+00:00,False
Pseudomonas avellanae,qualibact-v1.0,QualiBact Pseudomonas avellanae qualibact-v1.0,https://raw.githubusercontent.com/cgps-group/qualibact/52ce95333b12510cacad83bd05d3397c467a6b7b/public/api/v2/thresholds.csv,2026-08-13T09:40:10.698523+00:00,False
Pseudomonas fluorescens,qualibact-v1.0,QualiBact Pseudomonas fluorescens qualibact-v1.0,https://raw.githubusercontent.com/cgps-group/qualibact/52ce95333b12510cacad83bd05d3397c467a6b7b/public/api/v2/thresholds.csv,2026-08-13T09:40:10.698523+00:00,False
Pseudomonas fulva,qualibact-v1.0,QualiBact Pseudomonas fulva qualibact-v1.0,https://raw.githubusercontent.com/cgps-group/qualibact/52ce95333b12510cacad83bd05d3397c467a6b7b/public/api/v2/thresholds.csv,2026-08-13T09:40:10.698523+00:00,False
Pseudomonas glycinae,qualibact-v1.0,QualiBact Pseudomonas glycinae qualibact-v1.0,https://raw.githubusercontent.com/cgps-group/qualibact/52ce95333b12510cacad83bd05d3397c467a6b7b/public/api/v2/thresholds.csv,2026-08-13T09:40:10.698523+00:00,False
Pseudomonas juntendi,qualibact-v1.0,QualiBact Pseudomonas juntendi qualibact-v1.0,https://raw.githubusercontent.com/cgps-group/qualibact/52ce95333b12510cacad83bd05d3397c467a6b7b/public/api/v2/thresholds.csv,2026-08-13T09:40:10.698523+00:00,False
Pseudomonas marginalis,qualibact-v1.0,QualiBact Pseudomonas marginalis qualibact-v1.0,https://raw.githubusercontent.com/cgps-group/qualibact/52ce95333b12510cacad83bd05d3397c467a6b7b/public/api/v2/thresholds.csv,2026-08-13T09:40:10.698523+00:00,False
Pseudomonas monteilii,qualibact-v1.0,QualiBact Pseudomonas monteilii qualibact-v1.0,https://raw.githubusercontent.com/cgps-group/qualibact/52ce95333b12510cacad83bd05d3397c467a6b7b/public/api/v2/thresholds.csv,2026-08-13T09:40:10.698523+00:00,False
Pseudomonas paracarnis,qualibact-v1.0,QualiBact Pseudomonas paracarnis qualibact-v1.0,https://raw.githubusercontent.com/cgps-group/qualibact/52ce95333b12510cacad83bd05d3397c467a6b7b/public/api/v2/thresholds.csv,2026-08-13T09:40:10.698523+00:00,False
Pseudomonas protegens,qualibact-v1.0,QualiBact Pseudomonas protegens qualibact-v1.0,https://raw.githubusercontent.com/cgps-group/qualibact/52ce95333b12510cacad83bd05d3397c467a6b7b/public/api/v2/thresholds.csv,2026-08-13T09:40:10.698523+00:00,False
Pseudomonas putida,qualibact-v1.0,QualiBact Pseudomonas putida qualibact-v1.0,https://raw.githubusercontent.com/cgps-group/qualibact/52ce95333b12510cacad83bd05d3397c467a6b7b/public/api/v2/thresholds.csv,2026-08-13T09:40:10.698523+00:00,False
Pseudomonas syringae,qualibact-v1.0,QualiBact Pseudomonas syringae qualibact-v1.0,https://raw.githubusercontent.com/cgps-group/qualibact/52ce95333b12510cacad83bd05d3397c467a6b7b/public/api/v2/thresholds.csv,2026-08-13T09:40:10.698523+00:00,False
Ralstonia pseudosolanacearum,qualibact-v1.0,QualiBact Ralstonia pseudosolanacearum qualibact-v1.0,https://raw.githubusercontent.com/cgps-group/qualibact/52ce95333b12510cacad83bd05d3397c467a6b7b/public/api/v2/thresholds.csv,2026-08-13T09:40:10.698523+00:00,False
Ralstonia solanacearum,qualibact-v1.0,QualiBact Ralstonia solanacearum qualibact-v1.0,https://raw.githubusercontent.com/cgps-group/qualibact/52ce95333b12510cacad83bd05d3397c467a6b7b/public/api/v2/thresholds.csv,2026-08-13T09:40:10.698523+00:00,False
Renibacterium salmoninarum,REFSEQ-QC-v1,QualiBact Renibacterium salmoninarum REFSEQ-QC-v1,https://raw.githubusercontent.com/cgps-group/qualibact/52ce95333b12510cacad83bd05d3397c467a6b7b/public/api/v2/thresholds.csv,2026-08-13T09:40:10.698523+00:00,False
Rhizobium leguminosarum,qualibact-v1.0,QualiBact Rhizobium leguminosarum qualibact-v1.0,https://raw.githubusercontent.com/cgps-group/qualibact/52ce95333b12510cacad83bd05d3397c467a6b7b/public/api/v2/thresholds.csv,2026-08-13T09:40:10.698523+00:00,False
Salmonella arizonae,qualibact-v1.0,QualiBact Salmonella arizonae qualibact-v1.0,https://raw.githubusercontent.com/cgps-group/qualibact/52ce95333b12510cacad83bd05d3397c467a6b7b/public/api/v2/thresholds.csv,2026-08-13T09:40:10.698523+00:00,False
Salmonella bongori,qualibact-v1.0,QualiBact Salmonella bongori qualibact-v1.0,https://raw.githubusercontent.com/cgps-group/qualibact/52ce95333b12510cacad83bd05d3397c467a6b7b/public/api/v2/thresholds.csv,2026-08-13T09:40:10.698523+00:00,False
Salmonella enterica,qualibact-v1.0,QualiBact Salmonella enterica qualibact-v1.0,https://raw.githubusercontent.com/cgps-group/qualibact/52ce95333b12510cacad83bd05d3397c467a6b7b/public/api/v2/thresholds.csv,2026-08-13T09:40:10.698523+00:00,False
Serratia bockelmannii,qualibact-v1.0,QualiBact Serratia bockelmannii qualibact-v1.0,https://raw.githubusercontent.com/cgps-group/qualibact/52ce95333b12510cacad83bd05d3397c467a6b7b/public/api/v2/thresholds.csv,2026-08-13T09:40:10.698523+00:00,False
Serratia marcescens,qualibact-v1.0,QualiBact Serratia marcescens qualibact-v1.0,https://raw.githubusercontent.com/cgps-group/qualibact/52ce95333b12510cacad83bd05d3397c467a6b7b/public/api/v2/thresholds.csv,2026-08-13T09:40:10.698523+00:00,False
Serratia nematodiphila,qualibact-v1.0,QualiBact Serratia nematodiphila qualibact-v1.0,https://raw.githubusercontent.com/cgps-group/qualibact/52ce95333b12510cacad83bd05d3397c467a6b7b/public/api/v2/thresholds.csv,2026-08-13T09:40:10.698523+00:00,False
Serratia nevei,qualibact-v1.0,QualiBact Serratia nevei qualibact-v1.0,https://raw.githubusercontent.com/cgps-group/qualibact/52ce95333b12510cacad83bd05d3397c467a6b7b/public/api/v2/thresholds.csv,2026-08-13T09:40:10.698523+00:00,False
Serratia sarumannii,REFSEQ-QC-v1,QualiBact Serratia sarumannii REFSEQ-QC-v1,https://raw.githubusercontent.com/cgps-group/qualibact/52ce95333b12510cacad83bd05d3397c467a6b7b/public/api/v2/thresholds.csv,2026-08-13T09:40:10.698523+00:00,False
Serratia ureilytica,qualibact-v1.0,QualiBact Serratia ureilytica qualibact-v1.0,https://raw.githubusercontent.com/cgps-group/qualibact/52ce95333b12510cacad83bd05d3397c467a6b7b/public/api/v2/thresholds.csv,2026-08-13T09:40:10.698523+00:00,False
Sinorhizobium medicae,qualibact-v1.0,QualiBact Sinorhizobium medicae qualibact-v1.0,https://raw.githubusercontent.com/cgps-group/qualibact/52ce95333b12510cacad83bd05d3397c467a6b7b/public/api/v2/thresholds.csv,2026-08-13T09:40:10.698523+00:00,False
Sinorhizobium meliloti,qualibact-v1.0,QualiBact Sinorhizobium meliloti qualibact-v1.0,https://raw.githubusercontent.com/cgps-group/qualibact/52ce95333b12510cacad83bd05d3397c467a6b7b/public/api/v2/thresholds.csv,2026-08-13T09:40:10.698523+00:00,False
Staphylococcus argenteus,qualibact-v1.0,QualiBact Staphylococcus argenteus qualibact-v1.0,https://raw.githubusercontent.com/cgps-group/qualibact/52ce95333b12510cacad83bd05d3397c467a6b7b/public/api/v2/thresholds.csv,2026-08-13T09:40:10.698523+00:00,False
Staphylococcus aureus,qualibact-v1.0,QualiBact Staphylococcus aureus qualibact-v1.0,https://raw.githubusercontent.com/cgps-group/qualibact/52ce95333b12510cacad83bd05d3397c467a6b7b/public/api/v2/thresholds.csv,2026-08-13T09:40:10.698523+00:00,False
Staphylococcus capitis,qualibact-v1.0,QualiBact Staphylococcus capitis qualibact-v1.0,https://raw.githubusercontent.com/cgps-group/qualibact/52ce95333b12510cacad83bd05d3397c467a6b7b/public/api/v2/thresholds.csv,2026-08-13T09:40:10.698523+00:00,False
Staphylococcus chromogenes,qualibact-v1.0,QualiBact Staphylococcus chromogenes qualibact-v1.0,https://raw.githubusercontent.com/cgps-group/qualibact/52ce95333b12510cacad83bd05d3397c467a6b7b/public/api/v2/thresholds.csv,2026-08-13T09:40:10.698523+00:00,False
Staphylococcus coagulans,qualibact-v1.0,QualiBact Staphylococcus coagulans qualibact-v1.0,https://raw.githubusercontent.com/cgps-group/qualibact/52ce95333b12510cacad83bd05d3397c467a6b7b/public/api/v2/thresholds.csv,2026-08-13T09:40:10.698523+00:00,False
Staphylococcus epidermidis,qualibact-v1.0,QualiBact Staphylococcus epidermidis qualibact-v1.0,https://raw.githubusercontent.com/cgps-group/qualibact/52ce95333b12510cacad83bd05d3397c467a6b7b/public/api/v2/thresholds.csv,2026-08-13T09:40:10.698523+00:00,False
Staphylococcus equorum,qualibact-v1.0,QualiBact Staphylococcus equorum qualibact-v1.0,https://raw.githubusercontent.com/cgps-group/qualibact/52ce95333b12510cacad83bd05d3397c467a6b7b/public/api/v2/thresholds.csv,2026-08-13T09:40:10.698523+00:00,False
Staphylococcus haemolyticus,qualibact-v1.0,QualiBact Staphylococcus haemolyticus qualibact-v1.0,https://raw.githubusercontent.com/cgps-group/qualibact/52ce95333b12510cacad83bd05d3397c467a6b7b/public/api/v2/thresholds.csv,2026-08-13T09:40:10.698523+00:00,False
Staphylococcus hominis,qualibact-v1.0,QualiBact Staphylococcus hominis qualibact-v1.0,https://raw.githubusercontent.com/cgps-group/qualibact/52ce95333b12510cacad83bd05d3397c467a6b7b/public/api/v2/thresholds.csv,2026-08-13T09:40:10.698523+00:00,False
Staphylococcus lugdunensis,qualibact-v1.0,QualiBact Staphylococcus lugdunensis qualibact-v1.0,https://raw.githubusercontent.com/cgps-group/qualibact/52ce95333b12510cacad83bd05d3397c467a6b7b/public/api/v2/thresholds.csv,2026-08-13T09:40:10.698523+00:00,False
Staphylococcus pseudintermedius,qualibact-v1.0,QualiBact Staphylococcus pseudintermedius qualibact-v1.0,https://raw.githubusercontent.com/cgps-group/qualibact/52ce95333b12510cacad83bd05d3397c467a6b7b/public/api/v2/thresholds.csv,2026-08-13T09:40:10.698523+00:00,False
Staphylococcus saprophyticus,qualibact-v1.0,QualiBact Staphylococcus saprophyticus qualibact-v1.0,https://raw.githubusercontent.com/cgps-group/qualibact/52ce95333b12510cacad83bd05d3397c467a6b7b/public/api/v2/thresholds.csv,2026-08-13T09:40:10.698523+00:00,False
Staphylococcus simulans,qualibact-v1.0,QualiBact Staphylococcus simulans qualibact-v1.0,https://raw.githubusercontent.com/cgps-group/qualibact/52ce95333b12510cacad83bd05d3397c467a6b7b/public/api/v2/thresholds.csv,2026-08-13T09:40:10.698523+00:00,False
Staphylococcus warneri,qualibact-v1.0,QualiBact Staphylococcus warneri qualibact-v1.0,https://raw.githubusercontent.com/cgps-group/qualibact/52ce95333b12510cacad83bd05d3397c467a6b7b/public/api/v2/thresholds.csv,2026-08-13T09:40:10.698523+00:00,False
Staphylococcus xylosus,qualibact-v1.0,QualiBact Staphylococcus xylosus qualibact-v1.0,https://raw.githubusercontent.com/cgps-group/qualibact/52ce95333b12510cacad83bd05d3397c467a6b7b/public/api/v2/thresholds.csv,2026-08-13T09:40:10.698523+00:00,False
Stenotrophomonas geniculata,qualibact-v1.0,QualiBact Stenotrophomonas geniculata qualibact-v1.0,https://raw.githubusercontent.com/cgps-group/qualibact/52ce95333b12510cacad83bd05d3397c467a6b7b/public/api/v2/thresholds.csv,2026-08-13T09:40:10.698523+00:00,False
Stenotrophomonas maltophilia,qualibact-v1.0,QualiBact Stenotrophomonas maltophilia qualibact-v1.0,https://raw.githubusercontent.com/cgps-group/qualibact/52ce95333b12510cacad83bd05d3397c467a6b7b/public/api/v2/thresholds.csv,2026-08-13T09:40:10.698523+00:00,False
Stenotrophomonas pavanii,qualibact-v1.0,QualiBact Stenotrophomonas pavanii qualibact-v1.0,https://raw.githubusercontent.com/cgps-group/qualibact/52ce95333b12510cacad83bd05d3397c467a6b7b/public/api/v2/thresholds.csv,2026-08-13T09:40:10.698523+00:00,False
Stenotrophomonas sepilia,qualibact-v1.0,QualiBact Stenotrophomonas sepilia qualibact-v1.0,https://raw.githubusercontent.com/cgps-group/qualibact/52ce95333b12510cacad83bd05d3397c467a6b7b/public/api/v2/thresholds.csv,2026-08-13T09:40:10.698523+00:00,False
Streptococcus agalactiae,qualibact-v1.0,QualiBact Streptococcus agalactiae qualibact-v1.0,https://raw.githubusercontent.com/cgps-group/qualibact/52ce95333b12510cacad83bd05d3397c467a6b7b/public/api/v2/thresholds.csv,2026-08-13T09:40:10.698523+00:00,False
Streptococcus anginosus,qualibact-v1.0,QualiBact Streptococcus anginosus qualibact-v1.0,https://raw.githubusercontent.com/cgps-group/qualibact/52ce95333b12510cacad83bd05d3397c467a6b7b/public/api/v2/thresholds.csv,2026-08-13T09:40:10.698523+00:00,False
Streptococcus canis,qualibact-v1.0,QualiBact Streptococcus canis qualibact-v1.0,https://raw.githubusercontent.com/cgps-group/qualibact/52ce95333b12510cacad83bd05d3397c467a6b7b/public/api/v2/thresholds.csv,2026-08-13T09:40:10.698523+00:00,False
Streptococcus dysgalactiae,qualibact-v1.0,QualiBact Streptococcus dysgalactiae qualibact-v1.0,https://raw.githubusercontent.com/cgps-group/qualibact/52ce95333b12510cacad83bd05d3397c467a6b7b/public/api/v2/thresholds.csv,2026-08-13T09:40:10.698523+00:00,False
Streptococcus equi,qualibact-v1.0,QualiBact Streptococcus equi qualibact-v1.0,https://raw.githubusercontent.com/cgps-group/qualibact/52ce95333b12510cacad83bd05d3397c467a6b7b/public/api/v2/thresholds.csv,2026-08-13T09:40:10.698523+00:00,False
Streptococcus gordonii,qualibact-v1.0,QualiBact Streptococcus gordonii qualibact-v1.0,https://raw.githubusercontent.com/cgps-group/qualibact/52ce95333b12510cacad83bd05d3397c467a6b7b/public/api/v2/thresholds.csv,2026-08-13T09:40:10.698523+00:00,False
Streptococcus mitis,qualibact-v1.0,QualiBact Streptococcus mitis qualibact-v1.0,https://raw.githubusercontent.com/cgps-group/qualibact/52ce95333b12510cacad83bd05d3397c467a6b7b/public/api/v2/thresholds.csv,2026-08-13T09:40:10.698523+00:00,False
Streptococcus mutans,qualibact-v1.0,QualiBact Streptococcus mutans qualibact-v1.0,https://raw.githubusercontent.com/cgps-group/qualibact/52ce95333b12510cacad83bd05d3397c467a6b7b/public/api/v2/thresholds.csv,2026-08-13T09:40:10.698523+00:00,False
Streptococcus oralis,qualibact-v1.0,QualiBact Streptococcus oralis qualibact-v1.0,https://raw.githubusercontent.com/cgps-group/qualibact/52ce95333b12510cacad83bd05d3397c467a6b7b/public/api/v2/thresholds.csv,2026-08-13T09:40:10.698523+00:00,False
Streptococcus parasanguinis,qualibact-v1.0,QualiBact Streptococcus parasanguinis qualibact-v1.0,https://raw.githubusercontent.com/cgps-group/qualibact/52ce95333b12510cacad83bd05d3397c467a6b7b/public/api/v2/thresholds.csv,2026-08-13T09:40:10.698523+00:00,False
Streptococcus pneumoniae,qualibact-v1.0,QualiBact Streptococcus pneumoniae qualibact-v1.0,https://raw.githubusercontent.com/cgps-group/qualibact/52ce95333b12510cacad83bd05d3397c467a6b7b/public/api/v2/thresholds.csv,2026-08-13T09:40:10.698523+00:00,False
Streptococcus pseudopneumoniae,qualibact-v1.0,QualiBact Streptococcus pseudopneumoniae qualibact-v1.0,https://raw.githubusercontent.com/cgps-group/qualibact/52ce95333b12510cacad83bd05d3397c467a6b7b/public/api/v2/thresholds.csv,2026-08-13T09:40:10.698523+00:00,False
Streptococcus pyogenes,qualibact-v1.0,QualiBact Streptococcus pyogenes qualibact-v1.0,https://raw.githubusercontent.com/cgps-group/qualibact/52ce95333b12510cacad83bd05d3397c467a6b7b/public/api/v2/thresholds.csv,2026-08-13T09:40:10.698523+00:00,False
Streptococcus salivarius,qualibact-v1.0,QualiBact Streptococcus salivarius qualibact-v1.0,https://raw.githubusercontent.com/cgps-group/qualibact/52ce95333b12510cacad83bd05d3397c467a6b7b/public/api/v2/thresholds.csv,2026-08-13T09:40:10.698523+00:00,False
Streptococcus suis,qualibact-v1.0,QualiBact Streptococcus suis qualibact-v1.0,https://raw.githubusercontent.com/cgps-group/qualibact/52ce95333b12510cacad83bd05d3397c467a6b7b/public/api/v2/thresholds.csv,2026-08-13T09:40:10.698523+00:00,False
Streptococcus uberis,qualibact-v1.0,QualiBact Streptococcus uberis qualibact-v1.0,https://raw.githubusercontent.com/cgps-group/qualibact/52ce95333b12510cacad83bd05d3397c467a6b7b/public/api/v2/thresholds.csv,2026-08-13T09:40:10.698523+00:00,False
Streptomyces albidoflavus,qualibact-v1.0,QualiBact Streptomyces albidoflavus qualibact-v1.0,https://raw.githubusercontent.com/cgps-group/qualibact/52ce95333b12510cacad83bd05d3397c467a6b7b/public/api/v2/thresholds.csv,2026-08-13T09:40:10.698523+00:00,False
Streptomyces anthocyanicus,qualibact-v1.0,QualiBact Streptomyces anthocyanicus qualibact-v1.0,https://raw.githubusercontent.com/cgps-group/qualibact/52ce95333b12510cacad83bd05d3397c467a6b7b/public/api/v2/thresholds.csv,2026-08-13T09:40:10.698523+00:00,False
Stutzerimonas stutzeri,qualibact-v1.0,QualiBact Stutzerimonas stutzeri qualibact-v1.0,https://raw.githubusercontent.com/cgps-group/qualibact/52ce95333b12510cacad83bd05d3397c467a6b7b/public/api/v2/thresholds.csv,2026-08-13T09:40:10.698523+00:00,False
Taylorella equigenitalis,qualibact-v1.0,QualiBact Taylorella equigenitalis qualibact-v1.0,https://raw.githubusercontent.com/cgps-group/qualibact/52ce95333b12510cacad83bd05d3397c467a6b7b/public/api/v2/thresholds.csv,2026-08-13T09:40:10.698523+00:00,False
Treponema pallidum,qualibact-v1.0,QualiBact Treponema pallidum qualibact-v1.0,https://raw.githubusercontent.com/cgps-group/qualibact/52ce95333b12510cacad83bd05d3397c467a6b7b/public/api/v2/thresholds.csv,2026-08-13T09:40:10.698523+00:00,False
Turicibacter sanguinis,qualibact-v1.0,QualiBact Turicibacter sanguinis qualibact-v1.0,https://raw.githubusercontent.com/cgps-group/qualibact/52ce95333b12510cacad83bd05d3397c467a6b7b/public/api/v2/thresholds.csv,2026-08-13T09:40:10.698523+00:00,False
Vibrio alginolyticus,qualibact-v1.0,QualiBact Vibrio alginolyticus qualibact-v1.0,https://raw.githubusercontent.com/cgps-group/qualibact/52ce95333b12510cacad83bd05d3397c467a6b7b/public/api/v2/thresholds.csv,2026-08-13T09:40:10.698523+00:00,False
Vibrio anguillarum,qualibact-v1.0,QualiBact Vibrio anguillarum qualibact-v1.0,https://raw.githubusercontent.com/cgps-group/qualibact/52ce95333b12510cacad83bd05d3397c467a6b7b/public/api/v2/thresholds.csv,2026-08-13T09:40:10.698523+00:00,False
Vibrio cholerae,qualibact-v1.0,QualiBact Vibrio cholerae qualibact-v1.0,https://raw.githubusercontent.com/cgps-group/qualibact/52ce95333b12510cacad83bd05d3397c467a6b7b/public/api/v2/thresholds.csv,2026-08-13T09:40:10.698523+00:00,False
Vibrio diabolicus,qualibact-v1.0,QualiBact Vibrio diabolicus qualibact-v1.0,https://raw.githubusercontent.com/cgps-group/qualibact/52ce95333b12510cacad83bd05d3397c467a6b7b/public/api/v2/thresholds.csv,2026-08-13T09:40:10.698523+00:00,False
Vibrio fluvialis,qualibact-v1.0,QualiBact Vibrio fluvialis qualibact-v1.0,https://raw.githubusercontent.com/cgps-group/qualibact/52ce95333b12510cacad83bd05d3397c467a6b7b/public/api/v2/thresholds.csv,2026-08-13T09:40:10.698523+00:00,False
Vibrio mediterranei,qualibact-v1.0,QualiBact Vibrio mediterranei qualibact-v1.0,https://raw.githubusercontent.com/cgps-group/qualibact/52ce95333b12510cacad83bd05d3397c467a6b7b/public/api/v2/thresholds.csv,2026-08-13T09:40:10.698523+00:00,False
Vibrio metschnikovii,qualibact-v1.0,QualiBact Vibrio metschnikovii qualibact-v1.0,https://raw.githubusercontent.com/cgps-group/qualibact/52ce95333b12510cacad83bd05d3397c467a6b7b/public/api/v2/thresholds.csv,2026-08-13T09:40:10.698523+00:00,False
Vibrio parahaemolyticus,qualibact-v1.0,QualiBact Vibrio parahaemolyticus qualibact-v1.0,https://raw.githubusercontent.com/cgps-group/qualibact/52ce95333b12510cacad83bd05d3397c467a6b7b/public/api/v2/thresholds.csv,2026-08-13T09:40:10.698523+00:00,False
Vibrio vulnificus,qualibact-v1.0,QualiBact Vibrio vulnificus qualibact-v1.0,https://raw.githubusercontent.com/cgps-group/qualibact/52ce95333b12510cacad83bd05d3397c467a6b7b/public/api/v2/thresholds.csv,2026-08-13T09:40:10.698523+00:00,False
Wolbachia pipientis,qualibact-v1.0,QualiBact Wolbachia pipientis qualibact-v1.0,https://raw.githubusercontent.com/cgps-group/qualibact/52ce95333b12510cacad83bd05d3397c467a6b7b/public/api/v2/thresholds.csv,2026-08-13T09:40:10.698523+00:00,False
Xanthomonas arboricola,qualibact-v1.0,QualiBact Xanthomonas arboricola qualibact-v1.0,https://raw.githubusercontent.com/cgps-group/qualibact/52ce95333b12510cacad83bd05d3397c467a6b7b/public/api/v2/thresholds.csv,2026-08-13T09:40:10.698523+00:00,False
Xanthomonas campestris,qualibact-v1.0,QualiBact Xanthomonas campestris qualibact-v1.0,https://raw.githubusercontent.com/cgps-group/qualibact/52ce95333b12510cacad83bd05d3397c467a6b7b/public/api/v2/thresholds.csv,2026-08-13T09:40:10.698523+00:00,False
Xanthomonas cissicola,qualibact-v1.0,QualiBact Xanthomonas cissicola qualibact-v1.0,https://raw.githubusercontent.com/cgps-group/qualibact/52ce95333b12510cacad83bd05d3397c467a6b7b/public/api/v2/thresholds.csv,2026-08-13T09:40:10.698523+00:00,False
Xanthomonas euvesicatoria,qualibact-v1.0,QualiBact Xanthomonas euvesicatoria qualibact-v1.0,https://raw.githubusercontent.com/cgps-group/qualibact/52ce95333b12510cacad83bd05d3397c467a6b7b/public/api/v2/thresholds.csv,2026-08-13T09:40:10.698523+00:00,False
Xanthomonas hortorum,qualibact-v1.0,QualiBact Xanthomonas hortorum qualibact-v1.0,https://raw.githubusercontent.com/cgps-group/qualibact/52ce95333b12510cacad83bd05d3397c467a6b7b/public/api/v2/thresholds.csv,2026-08-13T09:40:10.698523+00:00,False
Xanthomonas oryzae,qualibact-v1.0,QualiBact Xanthomonas oryzae qualibact-v1.0,https://raw.githubusercontent.com/cgps-group/qualibact/52ce95333b12510cacad83bd05d3397c467a6b7b/public/api/v2/thresholds.csv,2026-08-13T09:40:10.698523+00:00,False
Xylella fastidiosa,qualibact-v1.0,QualiBact Xylella fastidiosa qualibact-v1.0,https://raw.githubusercontent.com/cgps-group/qualibact/52ce95333b12510cacad83bd05d3397c467a6b7b/public/api/v2/thresholds.csv,2026-08-13T09:40:10.698523+00:00,False
Yersinia enterocolitica,qualibact-v1.0,QualiBact Yersinia enterocolitica qualibact-v1.0,https://raw.githubusercontent.com/cgps-group/qualibact/52ce95333b12510cacad83bd05d3397c467a6b7b/public/api/v2/thresholds.csv,2026-08-13T09:40:10.698523+00:00,False
Yersinia intermedia,qualibact-v1.0,QualiBact Yersinia intermedia qualibact-v1.0,https://raw.githubusercontent.com/cgps-group/qualibact/52ce95333b12510cacad83bd05d3397c467a6b7b/public/api/v2/thresholds.csv,2026-08-13T09:40:10.698523+00:00,False
Yersinia pestis,qualibact-v1.0,QualiBact Yersinia pestis qualibact-v1.0,https://raw.githubusercontent.com/cgps-group/qualibact/52ce95333b12510cacad83bd05d3397c467a6b7b/public/api/v2/thresholds.csv,2026-08-13T09:40:10.698523+00:00,False
Yersinia ruckeri,qualibact-v1.0,QualiBact Yersinia ruckeri qualibact-v1.0,https://raw.githubusercontent.com/cgps-group/qualibact/52ce95333b12510cacad83bd05d3397c467a6b7b/public/api/v2/thresholds.csv,2026-08-13T09:40:10.698523+00:00,False
